Stamm-Nr.,Rez.-Nr.,R-Nummer,ERP-Nr.,Name,Totalmenge,CAS-Nr.: - Hinweis 1,Sensorik_1,Sensorik_2,Sensorik_3,Sensorik_4,Odour Type 1 FlavourWheel,Odour Type 2 Flavour Wheel,Odour Type 3 Flavour Wheel,Threshold ppm (Datenbank),Threshold 2 ppm (Datenbank),Treshold 3 ppm (Datenbank),,
29201891,187.796P,R01643,60030184,gamma-Dodecalacton Halal Kosher,0.0145960000,2305-05-7,Fatty,peach,metallic,fruity,warm,balsamic,fruity,"0,666666667",,,,
RE00429_A02,185.028,R01937,60030396,"gamma-Dodecalacton, natürlich Halal",0.0000117163,2305-05-7,Fatty,peach,metallic,fruity,warm,balsamic,fruity,"0,666666667",,,,Fehlt:
29201231,185.507P,R01937,60030396,"gamma-Dodecalacton, natürlich Halal",0.0000010000,2305-05-7,Fatty,peach,metallic,fruity,warm,balsamic,fruity,"0,666666667",,,,185.569
29201969,187.894P,R01937,60030396,"gamma-Dodecalacton, natürlich Halal",0.0002300000,2305-05-7,Fatty,peach,metallic,fruity,warm,balsamic,fruity,"0,666666667",,,,
29200047,185.267,R02157,60030555_+ÖK+,Davana-Öl,0.0003000000,8016-03-3,fruity,berry,woody,animal,fruity,balsamic,,"0,2",,,,
RE00734_A01,185.471,R02157,60030555_+ÖK+,Davana-Öl,0.0012650000,8016-03-3,fruity,berry,woody,animal,fruity,balsamic,,"0,2",,,,
29201953,187.886P,R02157,60030555_+ÖK+,Davana-Öl,0.0004010000,8016-03-3,fruity,berry,woody,animal,fruity,balsamic,,"0,2",,,,
RE00429_A02,185.028,R01980,60030433,"Hexyl-2-methylbutyrat, natürlich Halal",0.0000175000,10032-15-2,green,waxy,fruity,apple,green,warm,,"0,5",,,,
RE00171_A01,185.091,R01980,60030433,"Hexyl-2-methylbutyrat, natürlich Halal",0.0000400000,10032-15-2,green,waxy,fruity,apple,green,warm,,"0,5",,,,
29200048,185.309P,R01527,60030070,Benzylalkohol Halal Kosher,0.0009000000,100-51-6,floral,rose,phenolic,balsamic,floral,warm,,10,,,,
29201953,187.886P,R02359,60030646,"Benzylalkohol, natürlich Kosher Halal",0.0001440000,100-51-6,floral,rose,phenolic,balsamic,floral,warm,,10,,,,
29200533,186.190P,R01524,60030067_+K+,Benzaldehyd Kosher Halal,0.0002700000,100-52-7,fruity,bitter almond,cherry,,floral,warm,,"0,5",,,,
29201573,187.507P,R01919,60030391_+K+,"Benzaldehyd, natürlich Kosher Halal, BG",0.0001830000,100-52-7,fruity,bitter almond,cherry,,floral,warm,,"0,5",,,,
29201953,187.886P,R01919,60030391_+K+,"Benzaldehyd, natürlich Kosher Halal, BG",0.0000260000,100-52-7,fruity,bitter almond,cherry,,floral,warm,,"0,5",,,,
29202513,188.412P,R01919,60030391_+K+,"Benzaldehyd, natürlich Kosher Halal, BG",0.0000440000,100-52-7,fruity,bitter almond,cherry,,floral,warm,,"0,5",,,,
RE00429_A02,185.028,R01935,60030057,Triacetin Kosher Halal,0.0000046638,102-76-1,weak,ethereal,fruity,,odorless,,,n.v.,,,,
29200533,186.190P,R01935,60030057,Triacetin Kosher Halal,0.1000000000,102-76-1,weak,ethereal,fruity,,odorless,,,n.v.,,,,
29200821,186.277P,R01935,60030057,Triacetin Kosher Halal,0.5429900000,102-76-1,weak,ethereal,fruity,,odorless,,,n.v.,,,,
29201891,187.796P,R01935,60030057,Triacetin Kosher Halal,0.0007000000,102-76-1,weak,ethereal,fruity,,odorless,,,n.v.,,,,
RE00429_A02,185.028,R01916,60030388,"Methyl-trans-cinnamat, natürlich Kosher Halal",0.0005425000,103-26-4,fruity,balsamic,cherry,strawberry,warm,balsamic,,"0,066666667",,,,
RE00171_A01,185.091,R01916,60030388,"Methyl-trans-cinnamat, natürlich Kosher Halal",0.0054000000,103-26-4,fruity,balsamic,cherry,strawberry,warm,balsamic,,"0,066666667",,,,
29200047,185.267,R01916,60030388,"Methyl-trans-cinnamat, natürlich Kosher Halal",0.0070000000,103-26-4,fruity,balsamic,cherry,strawberry,warm,balsamic,,"0,066666667",,,,
29200716,185.382P,R01916,60030388,"Methyl-trans-cinnamat, natürlich Kosher Halal",0.0010000000,103-26-4,fruity,balsamic,cherry,strawberry,warm,balsamic,,"0,066666667",,,,
RE00734_A01,185.471,R01916,60030388,"Methyl-trans-cinnamat, natürlich Kosher Halal",0.0073680000,103-26-4,fruity,balsamic,cherry,strawberry,warm,balsamic,,"0,066666667",,,,
29201573,187.507P,R01916,60030388,"Methyl-trans-cinnamat, natürlich Kosher Halal",0.0068750000,103-26-4,fruity,balsamic,cherry,strawberry,warm,balsamic,,"0,066666667",,,,
29201733,187.657P,R01916,60030388,"Methyl-trans-cinnamat, natürlich Kosher Halal",0.0049530000,103-26-4,fruity,balsamic,cherry,strawberry,warm,balsamic,,"0,066666667",,,,
29201874,187.787P,R01916,60030388,"Methyl-trans-cinnamat, natürlich Kosher Halal",0.0062860000,103-26-4,fruity,balsamic,cherry,strawberry,warm,balsamic,,"0,066666667",,,,
29201953,187.886P,R01916,60030388,"Methyl-trans-cinnamat, natürlich Kosher Halal",0.0062540000,103-26-4,fruity,balsamic,cherry,strawberry,warm,balsamic,,"0,066666667",,,,
29201969,187.894P,R01916,60030388,"Methyl-trans-cinnamat, natürlich Kosher Halal",0.0085420000,103-26-4,fruity,balsamic,cherry,strawberry,warm,balsamic,,"0,066666667",,,,
29202513,188.412P,R01916,60030388,"Methyl-trans-cinnamat, natürlich Kosher Halal",0.0006690000,103-26-4,fruity,balsamic,cherry,strawberry,warm,balsamic,,"0,066666667",,,,
RE00429_A02,185.028,R02074,60030510,"Ethylcinnamat, natürlich Halal",0.0000034125,103-36-6,balsamic,cinnamic,honey,fruity,warm,fruity,,"0,066666667",,,,
29200047,185.267,R02074,60030510,"Ethylcinnamat, natürlich Halal",0.0000260000,103-36-6,balsamic,cinnamic,honey,fruity,warm,fruity,,"0,066666667",,,,
RE00734_A01,185.471,R02074,60030510,"Ethylcinnamat, natürlich Halal",0.0001420000,103-36-6,balsamic,cinnamic,honey,fruity,warm,fruity,,"0,066666667",,,,
29200048,185.309P,R02374,60030638,Benzylbutyrat Halal,0.0001650000,103-37-7,fruity,fresh,jasmin,apricot,fruity,warm,floral,"0,066666667",,,,
29201231,185.507P,R02071,60030507,"Cinnamylacetat, natürlich Halal",0.0000020000,103-54-8,spicy,floral,balsamic,cinnamic,warm,floral,balsamic,2,,,,
29200048,185.309P,R02172,60030568,Himbeerketonmethylether Halal,0.0000750000,104-20-1,dried raspberry,rose,cherry,fruity,floral,woody,,"0,5",,,,
29201231,185.507P,R01559,60030101_+K+,"Zimtaldehyd, natürlich Halal Kosher",0.0000010000,104-55-2,spicy,cinnamon,,,warm,,,"0,05",,,,
29200048,185.309P,R02158,60030556_+K+,Zimtaldehyd (trans) Halal,0.0000010000,104-55-2,spicy,cinnamon,,,warm,,,"0,05",,,,
29200048,185.309P,R01648,60030189,gamma-Undecalacton Halal Kosher,0.0001650000,104-67-6,fatty,peach,apricot,,warm,fruity,dairy,"0,1",,,,
29201008,185.090P,R01628,60030169,Ethylpropionat Halal Kosher,0.0000600000,105-37-3,fruity,rum,juicy,grape,fruity,fresh,,"0,1",,,,
29201874,187.787P,R01947,60030404,"Ethylpropionat, natürlich Kosher Halal",0.0010030000,105-37-3,fruity,rum,juicy,grape,fruity,fresh,,"0,1",,,,
29201969,187.894P,R01947,60030404,"Ethylpropionat, natürlich Kosher Halal",0.0009970000,105-37-3,fruity,rum,juicy,grape,fruity,fresh,,"0,1",,,,
29200048,185.309P,R01630,60030171,Ethyl-trans-2-crotonat,0.0000300000,10544-63-5,pungent,fruity,acidic,ester,fresh,fruity,unpleasant,3,,,,
29200533,186.190P,R01630,60030171,Ethyl-trans-2-crotonat,0.0000080000,10544-63-5,pungent,fruity,acidic,ester,fresh,fruity,unpleasant,3,,,,
29201891,187.796P,R01630,60030171,Ethyl-trans-2-crotonat,0.0000950000,10544-63-5,pungent,fruity,acidic,ester,fresh,fruity,unpleasant,3,,,,
RE00171_A01,185.091,R02063,60030499,"Ethyl-trans-2-crotonat, natürlich Halal",0.0001200000,10544-63-5,pungent,fruity,acidic,ester,fresh,fruity,unpleasant,3,,,,
29200240,185.675P,R01595,60030137,Diethylmalonat Halal Kosher,0.0000440000,105-53-3,fruity,green,apple,,warm,balsamic,fruity,5,,,,
29201008,185.090P,R01613,60030154,Ethylbutyrat Kosher Halal,0.0014850000,105-54-4,fruity,juicy,pineapple,cognac,fruity,fresh,warm,"0,1",,,,
29200042,185.237H,R01613,60030154,Ethylbutyrat Kosher Halal,0.0065210000,105-54-4,fruity,juicy,pineapple,cognac,fruity,fresh,warm,"0,1",,,,
29200034,185.294,R01613,60030154,Ethylbutyrat Kosher Halal,0.0116940000,105-54-4,fruity,juicy,pineapple,cognac,fruity,fresh,warm,"0,1",,,,
29200048,185.309P,R01613,60030154,Ethylbutyrat Kosher Halal,0.0004600000,105-54-4,fruity,juicy,pineapple,cognac,fruity,fresh,warm,"0,1",,,,
29200240,185.675P,R01613,60030154,Ethylbutyrat Kosher Halal,0.0060000000,105-54-4,fruity,juicy,pineapple,cognac,fruity,fresh,warm,"0,1",,,,
29200533,186.190P,R01613,60030154,Ethylbutyrat Kosher Halal,0.0041190000,105-54-4,fruity,juicy,pineapple,cognac,fruity,fresh,warm,"0,1",,,,
29200821,186.277P,R01613,60030154,Ethylbutyrat Kosher Halal,0.0065200000,105-54-4,fruity,juicy,pineapple,cognac,fruity,fresh,warm,"0,1",,,,
29201778,187.694P,R01613,60030154,Ethylbutyrat Kosher Halal,0.0100740000,105-54-4,fruity,juicy,pineapple,cognac,fruity,fresh,warm,"0,1",,,,
29201891,187.796P,R01613,60030154,Ethylbutyrat Kosher Halal,0.0205530000,105-54-4,fruity,juicy,pineapple,cognac,fruity,fresh,warm,"0,1",,,,
29202868,188.740P,R01613,60030154,Ethylbutyrat Kosher Halal,0.0028000000,105-54-4,fruity,juicy,pineapple,cognac,fruity,fresh,warm,"0,1",,,,
RE00429_A02,185.028,R01903,60030376,"Ethylbutyrat, natürlich Kosher Halal BG",0.0011637500,105-54-4,fruity,juicy,pineapple,cognac,fruity,fresh,warm,"0,1",,,,
RE00171_A01,185.091,R01903,60030376,"Ethylbutyrat, natürlich Kosher Halal BG",0.0055000000,105-54-4,fruity,juicy,pineapple,cognac,fruity,fresh,warm,"0,1",,,,
29200047,185.267,R01903,60030376,"Ethylbutyrat, natürlich Kosher Halal BG",0.0118940000,105-54-4,fruity,juicy,pineapple,cognac,fruity,fresh,warm,"0,1",,,,
29200716,185.382P,R01903,60030376,"Ethylbutyrat, natürlich Kosher Halal BG",0.0019500000,105-54-4,fruity,juicy,pineapple,cognac,fruity,fresh,warm,"0,1",,,,
RE00734_A01,185.471,R01903,60030376,"Ethylbutyrat, natürlich Kosher Halal BG",0.0546930000,105-54-4,fruity,juicy,pineapple,cognac,fruity,fresh,warm,"0,1",,,,
29201231,185.507P,R01903,60030376,"Ethylbutyrat, natürlich Kosher Halal BG",0.0145850000,105-54-4,fruity,juicy,pineapple,cognac,fruity,fresh,warm,"0,1",,,,
29201573,187.507P,R01903,60030376,"Ethylbutyrat, natürlich Kosher Halal BG",0.0095450000,105-54-4,fruity,juicy,pineapple,cognac,fruity,fresh,warm,"0,1",,,,
29201733,187.657P,R01903,60030376,"Ethylbutyrat, natürlich Kosher Halal BG",0.0203050000,105-54-4,fruity,juicy,pineapple,cognac,fruity,fresh,warm,"0,1",,,,
29201874,187.787P,R01903,60030376,"Ethylbutyrat, natürlich Kosher Halal BG",0.0306390000,105-54-4,fruity,juicy,pineapple,cognac,fruity,fresh,warm,"0,1",,,,
29201895,187.800P,R01903,60030376,"Ethylbutyrat, natürlich Kosher Halal BG",0.0035410000,105-54-4,fruity,juicy,pineapple,cognac,fruity,fresh,warm,"0,1",,,,
29201953,187.886P,R01903,60030376,"Ethylbutyrat, natürlich Kosher Halal BG",0.0383850000,105-54-4,fruity,juicy,pineapple,cognac,fruity,fresh,warm,"0,1",,,,
29201969,187.894P,R01903,60030376,"Ethylbutyrat, natürlich Kosher Halal BG",0.0252390000,105-54-4,fruity,juicy,pineapple,cognac,fruity,fresh,warm,"0,1",,,,
29202004,187.916P,R01903,60030376,"Ethylbutyrat, natürlich Kosher Halal BG",0.0035410000,105-54-4,fruity,juicy,pineapple,cognac,fruity,fresh,warm,"0,1",,,,
29202513,188.412P,R01903,60030376,"Ethylbutyrat, natürlich Kosher Halal BG",0.0071910000,105-54-4,fruity,juicy,pineapple,cognac,fruity,fresh,warm,"0,1",,,,
29201008,185.090P,R01498,60030042,Acetal Halal Kosher,0.0000300000,105-57-7,ethereal,green,nutty,earthy,fresh,green,,"0,1",,,,
29201778,187.694P,R01498,60030042,Acetal Halal,0.0000600000,105-57-7,ethereal,green,nutty,earthy,fresh,green,,"0,1",,,,
29201953,187.886P,R01971,60030424,"Acetal, natürlich Halal BG V",0.0000650000,105-57-7,ethereal,green,nutty,earthy,fresh,green,,"0,1",,,,
29201969,187.894P,R01971,60030424,"Acetal, natürlich Halal BG V",0.0002850000,105-57-7,ethereal,green,nutty,earthy,fresh,green,,"0,1",,,,
RE00429_A02,185.028,R01964,60030417,"delta-Decalacton, natürlich Halal, BG",0.0000386750,105-86-2,oily,coconut,fruity,peach,warm,fruity,,"0,1",,,,
29202868,188.740P,R01675,60030215,Isoamylbutyrat Halal Kosher,0.0007200000,106-27-4,fruity,green,apricot,pear,fruity,fresh,green,"0,666666667",,,,
29200716,185.382P,R02047,60030492,"Isoamylbutyrat, natürlich Halal Kosher",0.0005880000,106-27-4,fruity,green,apricot,pear,fruity,fresh,green,"0,666666667",,,,
29201895,187.800P,R02047,60030492,"Isoamylbutyrat, natürlich Halal Kosher",0.0005600000,106-27-4,fruity,green,apricot,pear,fruity,fresh,green,"0,666666667",,,,
29202004,187.916P,R02047,60030492,"Isoamylbutyrat, natürlich Halal Kosher",0.0005600000,106-27-4,fruity,green,apricot,pear,fruity,fresh,green,"0,666666667",,,,
29200533,186.190P,R01617,60030158,Ethylheptanoat Halal Kosher,0.0000080000,106-30-9,fruity,pineapple,cognac,rum,fruity,fresh,exotic,"0,066666667",,,,
RE00171_A01,185.091,R02033,60030480,"Ethylheptanoat, natürlich Halal",0.0001200000,106-30-9,fruity,pineapple,cognac,rum,fruity,fresh,exotic,"0,066666667",,,,
29200034,185.294,R01626,60030167,Ethyloctanoat Halal Kosher,0.0006850000,106-32-1,waxy,fruity,wine,apricot,fruity,fresh,exotic,"0,5",,,,
RE00429_A02,185.028,R02038,60030483,"Ethyloctanoat, natürlich Kosher Halal, V",0.0000257075,106-32-1,waxy,fruity,wine,apricot,fruity,fresh,exotic,"0,5",,,,
29201231,185.507P,R02038,60030483,"Ethyloctanoat, natürlich Kosher Halal, V",0.0004080000,106-32-1,waxy,fruity,wine,apricot,fruity,fresh,exotic,"0,5",,,,
29201969,187.894P,R02038,60030483,"Ethyloctanoat, natürlich Kosher Halal, V",0.0004930000,106-32-1,waxy,fruity,wine,apricot,fruity,fresh,exotic,"0,5",,,,
29202513,188.412P,R02038,60030483,"Ethyloctanoat, natürlich Kosher Halal, V",0.0009280000,106-32-1,waxy,fruity,wine,apricot,fruity,fresh,exotic,"0,5",,,,
29201969,187.894P,R02040,60030485,"Ethyllaurat, natürlich Kosher Halal",0.0000870000,106-33-2,waxy,floral,soapy,,fruity,fresh,balsamic,"0,1",,,,
29202868,188.740P,R01727,60030267,Methylhexanoat,0.0001200000,106-70-7,fruity,pineapple,etheral,,fruity,fresh,,"0,1",,,,
RE00429_A02,185.028,R01968,60030421,"Methylhexanoat, natürlich Halal",0.0000100100,106-70-7,fruity,pineapple,etheral,,fruity,fresh,exotic,"0,1",,,,
29201231,185.507P,R01968,60030421,"Methylhexanoat, natürlich Halal",0.0000020000,106-70-7,fruity,pineapple,etheral,,fruity,fresh,exotic,"0,1",,,,
29201733,187.657P,R02249,60030607_+K+,"Melonal, natürlich Kosher Halal",0.0000050000,106-72-9,melon,watermelon,cucumber,green,green,fresh,warm,0.006666667,,,,
29201231,185.507P,R02070,60030506,"2-Pentanon, natürlich Halal",0.0000680000,107-87-9,fruity,etheral,wine,banana,fresh,warm,fruity,2,,,,
RE00429_A02,185.028,R01553,60030095,"butterysäure, natürlich Kosher Halal",0.0004287500,107-92-6,cheesy,acidic,buttery,fruit,unpleasant,fruity,,5,,,,
29200047,185.267,R01553,60030095,"butterysäure, natürlich Kosher Halal",0.0000140000,107-92-6,cheesy,acidic,buttery,fruit,unpleasant,fruity,,5,,,,
29200716,185.382P,R01553,60030095,"butterysäure, natürlich Kosher Halal",0.0001500000,107-92-6,cheesy,acidic,buttery,fruit,unpleasant,fruity,,5,,,,
RE00734_A01,185.471,R01553,60030095,"butterysäure, natürlich Kosher Halal",0.0004810000,107-92-6,cheesy,acidic,buttery,fruit,unpleasant,fruity,,5,,,,
29201231,185.507P,R01553,60030095,"butterysäure, natürlich Kosher Halal",0.0000080000,107-92-6,cheesy,acidic,buttery,fruity,unpleasant,fruity,,5,,,,
29201573,187.507P,R01553,60030095,"butterysäure, natürlich Kosher Halal",0.0005070000,107-92-6,cheesy,acidic,buttery,fruit,unpleasant,fruity,,5,,,,
29201733,187.657P,R01553,60030095,"butterysäure, natürlich Kosher Halal",0.0025740000,107-92-6,cheesy,acidic,buttery,fruit,unpleasant,fruity,,5,,,,
29201953,187.886P,R01553,60030095,"butterysäure, natürlich Kosher Halal",0.0073570000,107-92-6,cheesy,acidic,buttery,fruit,unpleasant,fruity,,5,,,,
29201969,187.894P,R01553,60030095,"butterysäure, natürlich Kosher Halal",0.0028120000,107-92-6,cheesy,acidic,buttery,fruit,unpleasant,fruity,,5,,,,
29201008,185.090P,R01880,60030361,butterysäure Halal Kosher,0.0013950000,107-92-6,cheesy,acidic,buttery,fruit,unpleasant,fruity,,5,,,,
29201778,187.694P,R01880,60030361,butterysäure Halal Kosher,0.0024330000,107-92-6,cheesy,acidic,buttery,fruit,unpleasant,fruity,,5,,,,
29200034,185.294,R01620,60030161,Ethylisovalerat Kosher Halal,0.0017260000,108-64-5,fruity,apple,pineapple,tutti frutti,fruity,fresh,green,"0,5",,,,
29200048,185.309P,R01620,60030161,Ethylisovalerat Kosher Halal,0.0007800000,108-64-5,fruity,apple,pineapple,tutti frutti,fruity,fresh,green,"0,5",,,,
29200533,186.190P,R01620,60030161,Ethylisovalerat Kosher Halal,0.0008800000,108-64-5,fruity,apple,pineapple,tutti frutti,fruity,fresh,green,"0,5",,,,
29201778,187.694P,R01620,60030161,Ethylisovalerat Kosher Halal,0.0032560000,108-64-5,fruity,apple,pineapple,tutti frutti,fruity,fresh,green,"0,5",,,,
29201891,187.796P,R01620,60030161,Ethylisovalerat Kosher Halal,0.0046260000,108-64-5,fruity,apple,pineapple,tutti frutti,fruity,fresh,green,"0,5",,,,
29202868,188.740P,R01620,60030161,Ethylisovalerat Kosher Halal,0.0010000000,108-64-5,fruity,apple,pineapple,tutti frutti,fruity,fresh,green,"0,5",,,,
RE00429_A02,185.028,R01938,60030397,"Ethylisovalerat, natürlich Kosher Halal  BG",0.0000087500,108-64-5,fruity,apple,pineapple,tutti frutti,fruity,fresh,green,"0,5",,,,
RE00171_A01,185.091,R01938,60030397,"Ethylisovalerat, natürlich Kosher Halal  BG",0.0001400000,108-64-5,fruity,apple,pineapple,tutti frutti,fruity,fresh,green,"0,5",,,,
29200716,185.382P,R01938,60030397,"Ethylisovalerat, natürlich Kosher Halal  BG",0.0006400000,108-64-5,fruity,apple,pineapple,tutti frutti,fruity,fresh,green,"0,5",,,,
RE00734_A01,185.471,R01938,60030397,"Ethylisovalerat, natürlich Kosher Halal  BG",0.0007530000,108-64-5,fruity,apple,pineapple,tutti frutti,fruity,fresh,green,"0,5",,,,
29201733,187.657P,R01938,60030397,"Ethylisovalerat, natürlich Kosher Halal  BG",0.0012000000,108-64-5,fruity,apple,pineapple,tutti frutti,fruity,fresh,green,"0,5",,,,
29201874,187.787P,R01938,60030397,"Ethylisovalerat, natürlich Kosher Halal  BG",0.0028160000,108-64-5,fruity,apple,pineapple,tutti frutti,fruity,fresh,green,"0,5",,,,
29201895,187.800P,R01938,60030397,"Ethylisovalerat, natürlich Kosher Halal  BG",0.0009720000,108-64-5,fruity,apple,pineapple,tutti frutti,fruity,fresh,green,"0,5",,,,
29201969,187.894P,R01938,60030397,"Ethylisovalerat, natürlich Kosher Halal  BG",0.0000390000,108-64-5,fruity,apple,pineapple,tutti frutti,fruity,fresh,green,"0,5",,,,
29202004,187.916P,R01938,60030397,"Ethylisovalerat, natürlich Kosher Halal  BG",0.0009720000,108-64-5,fruity,apple,pineapple,tutti frutti,fruity,fresh,green,"0,5",,,,
29202513,188.412P,R01938,60030397,"Ethylisovalerat, natürlich Kosher Halal  BG",0.0013160000,108-64-5,fruity,apple,pineapple,tutti frutti,fruity,fresh,green,"0,5",,,,
29201891,187.796P,R01805,60030342,Valeriansäure Kosher Halal,0.0002150000,109-52-4,cheesy,Powdery,acidic,rancid,unpleasant,fruity,dairy,1,,,,
29200042,185.237H,R01682,60030222,Isobutylacetat Halal Kosher,0.0025200000,110-19-0,fruity,ethereal,banana,tropical,fruity,fresh,green,1,,,,
29200048,185.309P,R01682,60030222,Isobutylacetat Halal Kosher,0.0003440000,110-19-0,fruity,ethereal,banana,tropical,fruity,fresh,green,1,,,,
29200821,186.277P,R01682,60030222,Isobutylacetat Halal Kosher,0.0025200000,110-19-0,fruity,ethereal,banana,tropical,fruity,fresh,green,1,,,,
RE00734_A01,185.471,R01958,60030413,"Isobutylacetat, natürlich Kosher Halal",0.0018370000,110-19-0,fruity,ethereal,banana,tropical,fruity,fresh,green,1,,,,
29201733,187.657P,R01958,60030413,"Isobutylacetat, natürlich Kosher Halal",0.0004430000,110-19-0,fruity,ethereal,banana,tropical,fruity,fresh,green,1,,,,
29201969,187.894P,R02041,60030486,"Ethyldecanoat, natürlich, Kosher Halal, V",0.0001280000,110-38-3,waxy,fruity,apple,brandy,warm,fruity,,"0,1",,,,
RE00429_A02,185.028,R01976,60030429_+K+,"2-Heptanon, natürlich Halal",0.0000092138,110-43-0,cheesy,fruity,spicy,herbal,floral,fruity,warm,"0,05",,,,
29201231,185.507P,R01976,60030429_+K+,"2-Heptanon, natürlich Halal",0.0000170000,110-43-0,cheesy,fruity,spicy,herbal,floral,fruity,warm,"0,05",,,,
29201573,187.507P,R02003,60030452,"Methylheptenon, natürlich Kosher; Halal V;",0.0005500000,110-93-0,citrus,green,musty,lemongrass,fresh,green,unpleasant,"0,066666667",,,,
29200042,185.237H,R01664,60030205,Hexanol Kosher Halal,0.0013860000,111-27-3,ethereal,fusel,fruity,green,green,unpleasant,,"0,5",5,,,
29200034,185.294,R01664,60030205,Hexanol Kosher Halal,0.0015570000,111-27-3,ethereal,fusel,fruity,green,green,unpleasant,,"0,5",5,,,
29200240,185.675P,R01664,60030205,Hexanol Kosher Halal,0.0050000000,111-27-3,ethereal,fusel,fruity,green,green,unpleasant,,"0,5",5,,,
29200821,186.277P,R01664,60030205,Hexanol Kosher Halal,0.0013850000,111-27-3,ethereal,fusel,fruity,green,green,unpleasant,,"0,5",5,,,
29201891,187.796P,R01664,60030205,Hexanol Kosher Halal,0.0003680000,111-27-3,ethereal,fusel,fruity,green,green,unpleasant,,"0,5",5,,,
RE00429_A02,185.028,R01949,60030406,"Hexanol, natürlich Kosher Halal",0.0001925000,111-27-3,ethereal,fusel,fruity,green,green,unpleasant,,"0,5",5,,,
29200716,185.382P,R01949,60030406,"Hexanol, natürlich Kosher Halal",0.0004600000,111-27-3,ethereal,fusel,fruity,green,green,unpleasant,,"0,5",5,,,
29201231,185.507P,R01949,60030406,"Hexanol, natürlich Kosher Halal",0.0000030000,111-27-3,ethereal,fusel,fruity,green,green,unpleasant,,"0,5",5,,,
29201573,187.507P,R01949,60030406,"Hexanol, natürlich Kosher Halal",0.0000900000,111-27-3,ethereal,fusel,fruity,green,green,unpleasant,,"0,5",5,,,
29201733,187.657P,R01949,60030406,"Hexanol, natürlich Kosher Halal",0.0047800000,111-27-3,ethereal,fusel,fruity,green,green,unpleasant,,"0,5",5,,,
29201874,187.787P,R01949,60030406,"Hexanol, natürlich Kosher Halal",0.0009750000,111-27-3,ethereal,fusel,fruity,green,green,unpleasant,,"0,5",5,,,
29201969,187.894P,R01949,60030406,"Hexanol, natürlich Kosher Halal",0.0044640000,111-27-3,ethereal,fusel,fruity,green,green,unpleasant,,"0,5",5,,,
29202513,188.412P,R01949,60030406,"Hexanol, natürlich Kosher Halal",0.0037640000,111-27-3,ethereal,fusel,fruity,green,green,unpleasant,,"0,5",5,,,
29201231,185.507P,R02068,60030504,"2-Undecanon, natürlich Halal",0.0000120000,112-12-9,fruity,waxy,creamy,fatty,unpleasant,fruity,fresh,"0,05",,,,
29202513,188.412P,R02124,60030532,"Octylacetat, natürlich Halal",0.0000700000,112-14-1,floral,green,earthy,mushroom,floral,green,unpleasant,"0,1",,,,
29201008,185.090P,R01478,60030023,2-Methylbutterysäure Halal Kosher,0.0008550000,116-53-0,Pungent,acidic,roquefort,cheesy,fruity,unpleasant,dairy,6.666666667,,,,
29200042,185.237H,R01478,60030023,2-Methylbutterysäure Halal Kosher,0.0138920000,116-53-0,Pungent,acidic,roquefort,cheesy,fruity,unpleasant,dairy,6.666666667,,,,
29200034,185.294,R01478,60030023,2-Methylbutterysäure Halal Kosher,0.0080270000,116-53-0,Pungent,acidic,roquefort,cheesy,fruity,unpleasant,dairy,6.666666667,,,,
29200048,185.309P,R01478,60030023,2-Methylbutterysäure Halal Kosher,0.0015870000,116-53-0,Pungent,acidic,roquefort,cheesy,fruity,unpleasant,dairy,6.666666667,,,,
29200533,186.190P,R01478,60030023,2-Methylbutterysäure Halal Kosher,0.0095000000,116-53-0,Pungent,acidic,roquefort,cheesy,fruity,unpleasant,dairy,6.666666667,,,,
29200821,186.277P,R01478,60030023,2-Methylbutterysäure Halal Kosher,0.0139000000,116-53-0,Pungent,acidic,roquefort,cheesy,fruity,unpleasant,dairy,6.666666667,,,,
29201778,187.694P,R01478,60030023,2-Methylbutterysäure Halal Kosher,0.0067760000,116-53-0,Pungent,acidic,roquefort,cheesy,fruity,unpleasant,dairy,6.666666667,,,,
29201891,187.796P,R01478,60030023,2-Methylbutterysäure Halal Kosher,0.0547670000,116-53-0,Pungent,acidic,roquefort,cheesy,fruity,unpleasant,dairy,6.666666667,,,,
RE00429_A02,185.028,R01975,60030428,"2-Methylbutterysäure, natürlich Kosher, Halal, BG",0.0012600000,116-53-0,Pungent,acidic,roquefort,cheesy,fruity,unpleasant,dairy,6.666666667,,,,
RE00171_A01,185.091,R01975,60030428,"2-Methylbutterysäure, natürlich Kosher, Halal, BG",0.0010800000,116-53-0,Pungent,acidic,roquefort,cheesy,fruity,unpleasant,dairy,6.666666667,,,,
29200047,185.267,R01975,60030428,"2-Methylbutterysäure, natürlich Kosher, Halal, BG",0.0232940000,116-53-0,Pungent,acidic,roquefort,cheesy,fruity,unpleasant,dairy,6.666666667,,,,
RE00734_A01,185.471,R01975,60030428,"2-Methylbutterysäure, natürlich Kosher, Halal, BG",0.0252020000,116-53-0,Pungent,acidic,roquefort,cheesy,fruity,unpleasant,dairy,6.666666667,,,,
29201231,185.507P,R01975,60030428,"2-Methylbutterysäure, natürlich Kosher, Halal, BG",0.0064980000,116-53-0,Pungent,acidic,roquefort,cheesy,fruity,unpleasant,dairy,6.666666667,,,,
29201573,187.507P,R01975,60030428,"2-Methylbutterysäure, natürlich Kosher, Halal, BG",0.0058450000,116-53-0,Pungent,acidic,roquefort,cheesy,fruity,unpleasant,dairy,6.666666667,,,,
29201733,187.657P,R01975,60030428,"2-Methylbutterysäure, natürlich Kosher, Halal, BG",0.0295760000,116-53-0,Pungent,acidic,roquefort,cheesy,fruity,unpleasant,dairy,6.666666667,,,,
29201874,187.787P,R01975,60030428,"2-Methylbutterysäure, natürlich Kosher, Halal, BG",0.0099320000,116-53-0,Pungent,acidic,roquefort,cheesy,fruity,unpleasant,dairy,6.666666667,,,,
29201895,187.800P,R01975,60030428,"2-Methylbutterysäure, natürlich Kosher, Halal, BG",0.0018170000,116-53-0,Pungent,acidic,roquefort,cheesy,fruity,unpleasant,dairy,6.666666667,,,,
29201969,187.894P,R01975,60030428,"2-Methylbutterysäure, natürlich Kosher, Halal, BG",0.0085570000,116-53-0,Pungent,acidic,roquefort,cheesy,fruity,unpleasant,dairy,6.666666667,,,,
29202004,187.916P,R01975,60030428,"2-Methylbutterysäure, natürlich Kosher, Halal, BG",0.0014930000,116-53-0,Pungent,acidic,roquefort,cheesy,fruity,unpleasant,dairy,6.666666667,,,,
29202513,188.412P,R01975,60030428,"2-Methylbutterysäure, natürlich Kosher, Halal, BG",0.0100370000,116-53-0,Pungent,acidic,roquefort,cheesy,fruity,unpleasant,dairy,6.666666667,,,,
29200042,185.237H,R01710,60030250,Maltol Kosher Halal,0.0015000000,118-71-8,caramel,cotton candy,jam,fruity,warm,fruity,,1,10,100,,
29200048,185.309P,R01710,60030250,Maltol Kosher Halal,0.0012500000,118-71-8,caramel,cotton candy,jam,fruity,warm,fruity,,1,10,100,,
29200240,185.675P,R01710,60030250,Maltol Kosher Halal,0.0110000000,118-71-8,caramel,cotton candy,jam,fruity,warm,fruity,,1,10,100,,
29200533,186.190P,R01710,60030250,Maltol Kosher Halal,0.0005390000,118-71-8,caramel,cotton candy,jam,fruity,warm,fruity,,1,10,100,,
29200821,186.277P,R01710,60030250,Maltol Kosher Halal,0.0015000000,118-71-8,caramel,cotton candy,jam,fruity,warm,fruity,,1,10,100,,
29201778,187.694P,R01710,60030250,Maltol Kosher Halal,0.0043550000,118-71-8,caramel,cotton candy,jam,fruity,warm,fruity,,1,10,100,,
29200716,185.382P,R01900,60030373,"Maltol, natürlich Kosher, Halal",0.0007813000,118-71-8,caramel,cotton candy,jam,fruity,warm,fruity,,1,10,100,,
29201231,185.507P,R01900,60030373,"Maltol, natürlich Kosher, Halal",0.0000870000,118-71-8,caramel,cotton candy,jam,fruity,warm,fruity,,1,10,100,,
29201573,187.507P,R01900,60030373,"Maltol, natürlich Kosher, Halal",0.0013486850,118-71-8,caramel,cotton candy,jam,fruity,warm,fruity,,1,10,100,,
29201733,187.657P,R01900,60030373,"Maltol, natürlich Kosher, Halal",0.0072000000,118-71-8,caramel,cotton candy,jam,fruity,warm,fruity,,1,10,100,,
29201874,187.787P,R01900,60030373,"Maltol, natürlich Kosher, Halal",0.0047902800,118-71-8,caramel,cotton candy,jam,fruity,warm,fruity,,1,10,100,,
29201895,187.800P,R01900,60030373,"Maltol, natürlich Kosher, Halal",0.0018120700,118-71-8,caramel,cotton candy,jam,fruity,warm,fruity,,1,10,100,,
29202004,187.916P,R01900,60030373,"Maltol, natürlich Kosher, Halal",0.0018120700,118-71-8,caramel,cotton candy,jam,fruity,warm,fruity,,1,10,100,,
RE00429_A02,185.028,R02136,60030541,"Methylsalicylat, natürlich Halal",0.0000011375,119-36-8,wintergreen,mint,,,fresh,unpleasant,,"0,05",,,,
29200716,185.382P,R02136,60030541,"Methylsalicylat, natürlich Halal",0.0004000000,119-36-8,wintergreen,mint,,,fresh,unpleasant,,"0,05",,,,
29200048,185.309P,R02137,60030542,Benzylbenzoat Halal,0.0001800000,120-51-4,faint,balsamic,oily,herbal,warm,balsamic,fresh,1,,,,
29200042,185.237H,R01806,60030343,Vanillin Halal Kosher,0.0180000000,121-33-5,vanilla,creamy,chocolate,,warm,woody,,1,,,,
29200048,185.309P,R01806,60030343,Vanillin Halal Kosher,0.0010000000,121-33-5,vanilla,creamy,chocolate,,warm,woody,,1,,,,
29200240,185.675P,R01806,60030343,Vanillin Halal Kosher,0.0010000000,121-33-5,vanilla,creamy,chocolate,,warm,woody,,1,,,,
29200821,186.277P,R01806,60030343,Vanillin Halal Kosher,0.0180000000,121-33-5,vanilla,creamy,chocolate,,warm,woody,,1,,,,
29201778,187.694P,R01806,60030343,Vanillin Halal,0.0039320000,121-33-5,vanilla,creamy,chocolate,,warm,woody,,1,,,,
29202868,188.740P,R01806,60030343,Vanillin Halal Kosher,0.0060000000,121-33-5,vanilla,creamy,chocolate,,warm,woody,,1,,,,
RE00171_A01,185.091,R01899,60030372,"Vanillin ex Eugenol, natürlich Halal Kosher, BG",0.0001000000,121-33-5,vanilla,creamy,chocolate,,warm,woody,,1,,,,
29200716,185.382P,R01899,60030372,"Vanillin ex Eugenol, natürlich Halal Kosher, BG",0.0009080000,121-33-5,vanilla,creamy,chocolate,,warm,woody,,1,,,,
RE00734_A01,185.471,R01899,60030372,"Vanillin ex Eugenol, natürlich Halal Kosher, BG",0.0013260000,121-33-5,vanilla,creamy,chocolate,,warm,woody,,1,,,,
29201231,185.507P,R01899,60030372,"Vanillin ex Eugenol, natürlich Halal Kosher, BG",0.0000020000,121-33-5,vanilla,creamy,chocolate,,warm,woody,,1,,,,
29201573,187.507P,R01899,60030372,"Vanillin ex Eugenol, natürlich Halal Kosher, BG",0.0003950000,121-33-5,vanilla,creamy,chocolate,,warm,woody,,1,,,,
29201733,187.657P,R01899,60030372,"Vanillin ex Eugenol, natürlich Halal Kosher, BG",0.0019610000,121-33-5,vanilla,creamy,chocolate,,warm,woody,,1,,,,
29201895,187.800P,R01899,60030372,"Vanillin ex Eugenol, natürlich Halal Kosher, BG",0.0111650000,121-33-5,vanilla,creamy,chocolate,,warm,woody,,1,,,,
29202004,187.916P,R01899,60030372,"Vanillin ex Eugenol, natürlich Halal Kosher, BG",0.0083740000,121-33-5,vanilla,creamy,chocolate,,warm,woody,,1,,,,
29202513,188.412P,R01899,60030372,"Vanillin ex Eugenol, natürlich Halal Kosher, BG",0.0000880000,121-33-5,vanilla,creamy,chocolate,,warm,woody,,1,,,,
29201231,185.507P,R02067,60030503_+K+,"Phenylacetaldehyd 10% in Ethanol, natürlich",0.0000080000,122-78-1 /  64-17-5,green,floral,hyacinth,honey,floral,warm,balsamic,1,,,,
29200048,185.309P,R01753,60030293_+K+,Anisaldehyd Halal Kosher,0.0000650000,123-11-5,powdery,mimosa,floral,hawthorn,warm,floral,,0.006666667,,,,
29201891,187.796P,R01674,60030214,Isoamylalkohol Kosher Halal,0.0000970000,123-51-3,fermented,fusel,whiskey,fruity,unpleasant,fresh,,1,,,,
RE00734_A01,185.471,R01902,60030375,"Isoamylalkohol, natürlich Kosher Halal",0.0001000000,123-51-3,fermented,fusel,whiskey,fruity,unpleasant,fresh,,1,,,,
29201573,187.507P,R01902,60030375,"Isoamylalkohol, natürlich Kosher Halal",0.0005750000,123-51-3,fermented,fusel,whiskey,fruity,unpleasant,fresh,,1,,,,
29201969,187.894P,R01902,60030375,"Isoamylalkohol, natürlich Kosher Halal",0.0000840000,123-51-3,fermented,fusel,whiskey,fruity,unpleasant,fresh,,1,,,,
29201008,185.090P,R01618,60030159,Ethylhexanoat Halal Kosher,0.0043500000,123-66-0,fruity,pineapple,waxy,green,fruity,exotic,balsamic,"0,1",,,,
29200042,185.237H,R01618,60030159,Ethylhexanoat Halal Kosher,0.0024260000,123-66-0,fruity,pineapple,waxy,green,fruity,exotic,balsamic,"0,1",,,,
29200034,185.294,R01618,60030159,Ethylhexanoat Halal Kosher,0.0037690000,123-66-0,fruity,pineapple,waxy,green,fruity,exotic,balsamic,"0,1",,,,
29200048,185.309P,R01618,60030159,Ethylhexanoat Halal Kosher,0.0002400000,123-66-0,fruity,pineapple,waxy,green,fruity,exotic,balsamic,"0,1",,,,
29200240,185.675P,R01618,60030159,Ethylhexanoat Halal Kosher,0.0006660000,123-66-0,fruity,pineapple,waxy,green,fruity,exotic,balsamic,"0,1",,,,
29200533,186.190P,R01618,60030159,Ethylhexanoat Halal Kosher,0.0006860000,123-66-0,fruity,pineapple,waxy,green,fruity,exotic,balsamic,"0,1",,,,
29200821,186.277P,R01618,60030159,Ethylhexanoat Halal Kosher,0.0024250000,123-66-0,fruity,pineapple,waxy,green,fruity,exotic,balsamic,"0,1",,,,
29201778,187.694P,R01618,60030159,Ethylhexanoat Halal,0.0036470000,123-66-0,fruity,pineapple,waxy,green,fruity,exotic,balsamic,"0,1",,,,
29201891,187.796P,R01618,60030159,Ethylhexanoat Halal Kosher,0.0225020000,123-66-0,fruity,pineapple,waxy,green,fruity,exotic,balsamic,"0,1",,,,
29202868,188.740P,R01618,60030159,Ethylhexanoat Halal Kosher,0.0010000000,123-66-0,fruity,pineapple,waxy,green,fruity,exotic,balsamic,"0,1",,,,
RE00429_A02,185.028,R01941,60030399,"Ethylhexanoat, natürlich Kosher Halal",0.0004025000,123-66-0,fruity,pineapple,waxy,green,fruity,exotic,balsamic,"0,1",,,,
RE00171_A01,185.091,R01941,60030399,"Ethylhexanoat, natürlich Kosher Halal",0.0063000000,123-66-0,fruity,pineapple,waxy,green,fruity,exotic,balsamic,"0,1",,,,
29200047,185.267,R01941,60030399,"Ethylhexanoat, natürlich Kosher Halal",0.0101650000,123-66-0,fruity,pineapple,waxy,green,fruity,exotic,balsamic,"0,1",,,,
RE00734_A01,185.471,R01941,60030399,"Ethylhexanoat, natürlich Kosher Halal",0.0283860000,123-66-0,fruity,pineapple,waxy,green,fruity,exotic,balsamic,"0,1",,,,
29201231,185.507P,R01941,60030399,"Ethylhexanoat, natürlich Kosher Halal",0.0036600000,123-66-0,fruity,pineapple,waxy,green,fruity,exotic,balsamic,"0,1",,,,
29201573,187.507P,R01941,60030399,"Ethylhexanoat, natürlich Kosher Halal",0.0050570000,123-66-0,fruity,pineapple,waxy,green,fruity,exotic,balsamic,"0,1",,,,
29201733,187.657P,R01941,60030399,"Ethylhexanoat, natürlich Kosher Halal",0.0027650000,123-66-0,fruity,pineapple,waxy,green,fruity,exotic,balsamic,"0,1",,,,
29201874,187.787P,R01941,60030399,"Ethylhexanoat, natürlich Kosher Halal",0.0136480000,123-66-0,fruity,pineapple,waxy,green,fruity,exotic,balsamic,"0,1",,,,
29201895,187.800P,R01941,60030399,"Ethylhexanoat, natürlich Kosher Halal",0.0013220000,123-66-0,fruity,pineapple,waxy,green,fruity,exotic,balsamic,"0,1",,,,
29201953,187.886P,R01941,60030399,"Ethylhexanoat, natürlich Kosher Halal",0.0081000000,123-66-0,fruity,pineapple,waxy,green,fruity,exotic,balsamic,"0,1",,,,
29201969,187.894P,R01941,60030399,"Ethylhexanoat, natürlich Kosher Halal",0.0051680000,123-66-0,fruity,pineapple,waxy,green,fruity,exotic,balsamic,"0,1",,,,
29202004,187.916P,R01941,60030399,"Ethylhexanoat, natürlich Kosher Halal",0.0013220000,123-66-0,fruity,pineapple,waxy,green,fruity,exotic,balsamic,"0,1",,,,
29202513,188.412P,R01941,60030399,"Ethylhexanoat, natürlich Kosher Halal",0.0037780000,123-66-0,fruity,pineapple,waxy,green,fruity,exotic,balsamic,"0,1",,,,
29201231,185.507P,R01545,60030087,"Butylacetat, natürlich Kosher Halal BG",0.0000120000,123-86-4,ethereal,solvent,fruity,banana,fresh,fruity,,"0,1",,,,
29201573,187.507P,R01545,60030087,"Butylacetat, natürlich Kosher Halal BG",0.0003980000,123-86-4,ethereal,solvent,fruity,banana,fresh,fruity,,"0,1",,,,
29200048,185.309P,R01673,60030213,Isoamylacetat Halal Kosher,0.0001950000,123-92-2,fruity,banana,solvent,,warm,fruity,balsamic,"0,066666667",,,,
29201891,187.796P,R01673,60030213,Isoamylacetat Halal Kosher,0.0011750000,123-92-2,fruity,banana,solvent,,warm,fruity,balsamic,"0,066666667",,,,
RE00429_A02,185.028,R01962,60030415,"Isoamylacetat, natürlich Kosher Halal BG",0.0000700000,123-92-2,fruity,banana,solvent,,warm,fruity,balsamic,"0,066666667",,,,
RE00734_A01,185.471,R01962,60030415,"Isoamylacetat, natürlich Kosher Halal BG",0.0009340000,123-92-2,fruity,banana,solvent,,warm,fruity,balsamic,"0,066666667",,,,
29200533,186.190P,R01748,60030288,Octansäure Halal Kosher,0.0016500000,124-07-2,fatty,waxy,rancid,oily,warm,fresh,unpleasant,"0,5",,,,
29201778,187.694P,R01748,60030288,Octansäure Halal,0.0000250000,124-07-2,fatty,waxy,rancid,oily,warm,fresh,unpleasant,"0,5",,,,
RE00429_A02,185.028,R01911,60030384,"Octansäure, natürlich Kosher Halal",0.0000437500,124-07-2,fatty,waxy,rancid,oily,warm,fresh,unpleasant,"0,5",,,,
RE00171_A01,185.091,R01911,60030384,"Octansäure, natürlich Kosher Halal",0.0009600000,124-07-2,fatty,waxy,rancid,oily,warm,fresh,unpleasant,"0,5",,,,
29201231,185.507P,R01911,60030384,"Octansäure, natürlich Kosher Halal",0.0000030000,124-07-2,fatty,waxy,rancid,oily,warm,fresh,unpleasant,"0,5",,,,
29201969,187.894P,R01911,60030384,"Octansäure, natürlich Kosher Halal",0.0029600000,124-07-2,fatty,waxy,rancid,oily,warm,fresh,unpleasant,"0,5",,,,
29201231,185.507P,R01988,60030440_+K+,"Octanal, natürlich Halal BG V",0.0000040000,124-13-0,aldehydic,waxy,citrus,orange,warm,fresh,fruity,"0,05",,,,
29200048,185.309P,R01510,60030054,alpha-Ionon Halal Kosher,0.0000900000,127-41-3,floral,woody,violet,orris,woody,floral,,"0,001",,,,
29201891,187.796P,R02268,60030623,trans-2-Hexensäure Kosher Halal,0.0014780000,13419-69-7,fruity,sweet,warm,herbal,fruity,fresh,warm,"0,5",,,,
29200240,185.675P,R01718,60030258,Methylanthranilat Halal,0.0001760000,134-20-3,Musty,neroli,grape,concord,floral,woody,unpleasant,"0,006666667",0.06666667,0.66666667,,
29200533,186.190P,R01718,60030258,Methylanthranilat Halal,0.0000140000,134-20-3,Musty,neroli,grape,concord,floral,woody,unpleasant,"0,006666667",0.06666667,0.66666667,,
29201231,185.507P,R02072,60030508,"Methylanthranilat, natürlich Halal",0.0000240000,134-20-3,Musty,neroli,grape,concord,floral,woody,unpleasant,"0,006666667",0.06666667,0.66666667,,
29201874,187.787P,R02072,60030508,"Methylanthranilat, natürlich Halal",0.0001510000,134-20-3,Musty,neroli,grape,concord,floral,woody,unpleasant,"0,006666667",0.06666667,0.66666667,,
29201953,187.886P,R02072,60030508,"Methylanthranilat, natürlich Halal",0.0001830000,134-20-3,Musty,neroli,grape,concord,floral,woody,unpleasant,"0,006666667",0.06666667,0.66666667,,
29201969,187.894P,R02072,60030508,"Methylanthranilat, natürlich Halal",0.0036400000,134-20-3,Musty,neroli,grape,concord,floral,woody,unpleasant,"0,006666667",0.06666667,0.66666667,,
29201969,187.894P,R02145,60030545_+K+,"Linalooloxid, natürlich Halal",0.0000400000,1365-19-1,woody,floral,creamy,minty,woody,floral,warm,1,,,,
29200048,185.309P,R01526,60030069,Benzylacetat Halal Kosher,0.0002750000,140-11-4,floral,fruity,jasmin,fresh,floral,fruity,fresh,"0,5",,,,
29200240,185.675P,R01526,60030069,Benzylacetat Halal Kosher,0.0000580000,140-11-4,floral,fruity,jasmin,fresh,floral,fruity,fresh,"0,5",,,,
29200533,186.190P,R01526,60030069,Benzylacetat Halal Kosher,0.0000080000,140-11-4,floral,fruity,jasmin,fresh,floral,fruity,fresh,"0,5",,,,
29201891,187.796P,R01526,60030069,Benzylacetat Halal Kosher,0.0016580000,140-11-4,floral,fruity,jasmin,fresh,floral,fruity,fresh,"0,5",,,,
RE00171_A01,185.091,R01943,60030401,"Benzylacetat, natürlich Kosher Halal",0.0001200000,140-11-4,floral,fruity,jasmin,fresh,floral,fruity,fresh,"0,5",,,,
29200716,185.382P,R01943,60030401,"Benzylacetat, natürlich Kosher Halal",0.0000560000,140-11-4,floral,fruity,jasmin,fresh,floral,fruity,fresh,"0,5",,,,
29201231,185.507P,R01943,60030401,"Benzylacetat, natürlich Kosher Halal",0.0000020000,140-11-4,floral,fruity,jasmin,fresh,floral,fruity,fresh,"0,5",,,,
29201573,187.507P,R01943,60030401,"Benzylacetat, natürlich Kosher Halal",0.0006150000,140-11-4,floral,fruity,jasmin,fresh,floral,fruity,fresh,"0,5",,,,
29201895,187.800P,R01943,60030401,"Benzylacetat, natürlich Kosher Halal",0.0000610000,140-11-4,floral,fruity,jasmin,fresh,floral,fruity,fresh,"0,5",,,,
29201953,187.886P,R01943,60030401,"Benzylacetat, natürlich Kosher Halal",0.0003560000,140-11-4,floral,fruity,jasmin,fresh,floral,fruity,fresh,"0,5",,,,
29202004,187.916P,R01943,60030401,"Benzylacetat, natürlich Kosher Halal",0.0000610000,140-11-4,floral,fruity,jasmin,fresh,floral,fruity,fresh,"0,5",,,,
29202513,188.412P,R01943,60030401,"Benzylacetat, natürlich Kosher Halal",0.0000660000,140-11-4,floral,fruity,jasmin,fresh,floral,fruity,fresh,"0,5",,,,
29200048,185.309P,R01743,60030283_+K+,Nerylacetat Halal,0.0001000000,141-12-8,Floral,rose,soapy,citrus,floral,fresh,warm,0.666666667,,,,
29201008,185.090P,R01609,60030150,Ethylacetat Kosher Halal,0.0014100000,141-78-6,ethereal,fruity,weedy,green,fresh,fruity,,1,,,,
29200034,185.294,R01609,60030150,Ethylacetat Kosher Halal,0.0012330000,141-78-6,ethereal,fruity,weedy,green,fresh,fruity,,1,,,,
29200048,185.309P,R01609,60030150,Ethylacetat Kosher Halal,0.0000700000,141-78-6,ethereal,fruity,weedy,green,fresh,fruity,,1,,,,
29200240,185.675P,R01609,60030150,Ethylacetat Kosher Halal,0.0010500000,141-78-6,ethereal,fruity,weedy,green,fresh,fruity,,1,,,,
29200533,186.190P,R01609,60030150,Ethylacetat Kosher Halal,0.0023220000,141-78-6,ethereal,fruity,weedy,green,fresh,fruity,,1,,,,
29201778,187.694P,R01609,60030150,Ethylacetat Kosher Halal,0.0044060000,141-78-6,ethereal,fruity,weedy,green,fresh,fruity,,1,,,,
29202868,188.740P,R01609,60030150,Ethylacetat Kosher Halal,0.0090000000,141-78-6,ethereal,fruity,weedy,green,fresh,fruity,,1,,,,
RE00429_A02,185.028,R01901,60030374,"Ethylacetat, natürlich Kosher Halal",0.0008225000,141-78-6,ethereal,fruity,weedy,green,fresh,fruity,,1,,,,
RE00171_A01,185.091,R01901,60030374,"Ethylacetat, natürlich Kosher Halal",0.0022800000,141-78-6,ethereal,fruity,weedy,green,fresh,fruity,,1,,,,
RE00734_A01,185.471,R01901,60030374,"Ethylacetat, natürlich Kosher Halal",0.0107340000,141-78-6,ethereal,fruity,weedy,green,fresh,fruity,,1,,,,
29201231,185.507P,R01901,60030374,"Ethylacetat, natürlich Kosher Halal",0.0001860000,141-78-6,ethereal,fruity,weedy,green,fresh,fruity,,1,,,,
29201874,187.787P,R01901,60030374,"Ethylacetat, natürlich Kosher Halal",0.0018340000,141-78-6,ethereal,fruity,weedy,green,fresh,fruity,,1,,,,
29201953,187.886P,R01901,60030374,"Ethylacetat, natürlich Kosher Halal",0.0118790000,141-78-6,ethereal,fruity,weedy,green,fresh,fruity,,1,,,,
29201969,187.894P,R01901,60030374,"Ethylacetat, natürlich Kosher Halal",0.0033810000,141-78-6,ethereal,fruity,weedy,green,fresh,fruity,,1,,,,
29201008,185.090P,R01663,60030204,Hexansäure mild Halal Kosher,0.0018900000,142-62-1,fatty,sour,sweat,cheesy,unpleasant,fruity,floral,"0,1",,,,
29200042,185.237H,R01663,60030204,Hexansäure mild Halal Kosher,0.0033390000,142-62-1,fatty,sour,sweat,cheesy,unpleasant,fruity,floral,"0,1",,,,
29200034,185.294,R01663,60030204,Hexansäure mild Halal Kosher,0.0028580000,142-62-1,fatty,sour,sweat,cheesy,unpleasant,fruity,floral,"0,1",,,,
29200533,186.190P,R01663,60030204,Hexansäure mild Halal Kosher,0.0006500000,142-62-1,fatty,sour,sweat,cheesy,unpleasant,fruity,floral,"0,1",,,,
29200821,186.277P,R01663,60030204,Hexansäure mild Halal Kosher,0.0033400000,142-62-1,fatty,sour,sweat,cheesy,unpleasant,fruity,floral,"0,1",,,,
29201778,187.694P,R01663,60030204,Hexansäure mild Halal,0.0056370000,142-62-1,fatty,sour,sweat,cheesy,unpleasant,fruity,floral,"0,1",,,,
29201891,187.796P,R01663,60030204,Hexansäure mild Halal Kosher,0.0146640000,142-62-1,fatty,sour,sweat,cheesy,unpleasant,fruity,floral,"0,1",,,,
RE00429_A02,185.028,R01950,60030407,"Hexansäure kräftig, natürlich Halal",0.0002275000,142-62-1,fatty,sour,sweat,cheesy,unpleasant,fruity,floral,"0,1",,,,
RE00171_A01,185.091,R01950,60030407,"Hexansäure kräftig, natürlich Halal",0.0003800000,142-62-1,fatty,sour,sweat,cheesy,unpleasant,fruity,floral,"0,1",,,,
29200047,185.267,R01950,60030407,"Hexansäure kräftig, natürlich Halal",0.0093940000,142-62-1,fatty,sour,sweat,cheesy,unpleasant,fruity,floral,"0,1",,,,
29201231,185.507P,R01950,60030407,"Hexansäure kräftig, natürlich Halal",0.0000290000,142-62-1,fatty,sour,sweat,cheesy,unpleasant,fruity,floral,"0,1",,,,
29201953,187.886P,R01950,60030407,"Hexansäure kräftig, natürlich Halal",0.0005480000,142-62-1,fatty,sour,sweat,cheesy,unpleasant,fruity,floral,"0,1",,,,
29200716,185.382P,R02380,60030641,"Hexansäure mild, natürlich Halal",0.0001500000,142-62-1,fatty,sour,sweat,cheesy,unpleasant,fruity,floral,"0,1",,,,
RE00734_A01,185.471,R02380,60030641,"Hexansäure mild, natürlich Halal",0.0069290000,142-62-1,fatty,sour,sweat,cheesy,unpleasant,fruity,floral,"0,1",,,,
29201573,187.507P,R02380,60030641,"Hexansäure mild, natürlich Halal",0.0063430000,142-62-1,fatty,sour,sweat,cheesy,unpleasant,fruity,floral,"0,1",,,,
29201733,187.657P,R02380,60030641,"Hexansäure mild, natürlich Halal",0.0090440000,142-62-1,fatty,sour,sweat,cheesy,unpleasant,fruity,floral,"0,1",,,,
29201874,187.787P,R02380,60030641,"Hexansäure mild, natürlich Halal",0.0025320000,142-62-1,fatty,sour,sweat,cheesy,unpleasant,fruity,floral,"0,1",,,,
29201969,187.894P,R02380,60030641,"Hexansäure mild, natürlich Halal",0.0030990000,142-62-1,fatty,sour,sweat,cheesy,unpleasant,fruity,floral,"0,1",,,,
29202513,188.412P,R02380,60030641,"Hexansäure mild, natürlich Halal",0.0028490000,142-62-1,fatty,sour,sweat,cheesy,unpleasant,fruity,floral,"0,1",,,,
29200042,185.237H,R01666,60030207,Hexylacetat Kosher Halal,0.0020480000,142-92-7,fruity,green,apple,banana,fruity,warm,,"0,666666667",,,,
29200240,185.675P,R01666,60030207,Hexylacetat Kosher Halal,0.0000280000,142-92-7,fruity,green,apple,banana,fruity,warm,,"0,666666667",,,,
29200533,186.190P,R01666,60030207,Hexylacetat Kosher Halal,0.0000140000,142-92-7,fruity,green,apple,banana,fruity,warm,,"0,666666667",,,,
29200821,186.277P,R01666,60030207,Hexylacetat Kosher Halal,0.0020500000,142-92-7,fruity,green,apple,banana,fruity,warm,,"0,666666667",,,,
29201778,187.694P,R01666,60030207,Hexylacetat Kosher Halal,0.0016660000,142-92-7,fruity,green,apple,banana,fruity,warm,,"0,666666667",,,,
29201891,187.796P,R01666,60030207,Hexylacetat Kosher Halal,0.0026610000,142-92-7,fruity,green,apple,banana,fruity,warm,,"0,666666667",,,,
29202868,188.740P,R01666,60030207,Hexylacetat Kosher Halal,0.0010000000,142-92-7,fruity,green,apple,banana,fruity,warm,,"0,666666667",,,,
RE00429_A02,185.028,R01942,60030400,"Hexylacetat, natürlich Kosher Halal",0.0000962500,142-92-7,fruity,green,apple,banana,fruity,warm,,"0,666666667",,,,
RE00171_A01,185.091,R01942,60030400,"Hexylacetat, natürlich Kosher Halal",0.0002200000,142-92-7,fruity,green,apple,banana,fruity,warm,,"0,666666667",,,,
29200716,185.382P,R01942,60030400,"Hexylacetat, natürlich Kosher Halal",0.0010880000,142-92-7,fruity,green,apple,banana,fruity,warm,,"0,666666667",,,,
29201231,185.507P,R01942,60030400,"Hexylacetat, natürlich Kosher Halal",0.0000030000,142-92-7,fruity,green,apple,banana,fruity,warm,,"0,666666667",,,,
29201573,187.507P,R01942,60030400,"Hexylacetat, natürlich Kosher Halal",0.0001070000,142-92-7,fruity,green,apple,banana,fruity,warm,,"0,666666667",,,,
29201733,187.657P,R01942,60030400,"Hexylacetat, natürlich Kosher Halal",0.0011360000,142-92-7,fruity,green,apple,banana,fruity,warm,,"0,666666667",,,,
29201874,187.787P,R01942,60030400,"Hexylacetat, natürlich Kosher Halal",0.0008000000,142-92-7,fruity,green,apple,banana,fruity,warm,,"0,666666667",,,,
29201969,187.894P,R01942,60030400,"Hexylacetat, natürlich Kosher Halal",0.0031110000,142-92-7,fruity,green,apple,banana,fruity,warm,,"0,666666667",,,,
29202513,188.412P,R01942,60030400,"Hexylacetat, natürlich Kosher Halal",0.0002040000,142-92-7,fruity,green,apple,banana,fruity,warm,,"0,666666667",,,,
29201573,187.507P,R01536,60030078_+K+,"beta-Ionon, natürlich Kosher Halal",0.0002970000,14901-07-6,floral,woody,fruity,berry,woody,floral,fruity,"0,006666667",,,,
29200048,185.309P,R01877,60030358_+K+,beta-Ionon Halal Kosher,0.0000450000,14901-07-6,floral,woody,fruity,berry,woody,floral,fruity,"0,006666667",,,,
29201778,187.694P,R01636,60030177_+K+,Fenchol Halal,0.0001000000,1632-73-1,balsamic,camphor,pine,woody,fresh,woody,balsamic,"0,05",,,,
29200240,185.675P,R01713,60030253,"Menthylacetat, D,L- Halal Kosher",0.0000280000,16409-45-3,minty,herbal,fruity,cooling,fresh,fruity,,5,,,,
29200533,186.190P,R01713,60030253,"Menthylacetat, D,L- Halal Kosher",0.0000090000,16409-45-3,minty,herbal,fruity,cooling,fresh,fruity,,5,,,,
RE00171_A01,185.091,R02100,60030519,"Menthylacetat, natürlich Halal",0.0001400000,16409-45-3,minty,herbal,fruity,cooling,fresh,fruity,,5,,,,
29200034,185.294,R01564,60030106,cis-3-Hexenylbutyrat Halal Kosher,0.0011580000,16491-36-4,green,fresh,apple,fruity,green,fruity,warm,"0,066666667",,,,
29202868,188.740P,R01564,60030106,cis-3-Hexenylbutyrat Halal Kosher,0.0002000000,16491-36-4,green,fresh,apple,fruity,green,fruity,warm,"0,066666667",,,,
RE00429_A02,185.028,R01882,60030363,"cis-3-Hexenylbutyrat, natürlich Halal",0.0000437500,16491-36-4,green,fresh,apple,fruity,green,fruity,warm,"0,066666667",,,,
29201231,185.507P,R01882,60030363,"cis-3-Hexenylbutyrat, natürlich Halal",0.0013310000,16491-36-4,green,fresh,apple,fruity,green,fruity,warm,"0,066666667",,,,
29201874,187.787P,R01882,60030363,"cis-3-Hexenylbutyrat, natürlich Halal",0.0007710000,16491-36-4,green,fresh,apple,fruity,green,fruity,warm,"0,066666667",,,,
29202513,188.412P,R01882,60030363,"cis-3-Hexenylbutyrat, natürlich Halal",0.0000400000,16491-36-4,green,fresh,apple,fruity,green,fruity,warm,"0,066666667",,,,
29201008,185.090P,R01721,60030261,Methyl-trans-cinnamat Halal Kosher,0.0014250000,1754-62-7,Sweet,balsamic,strawberry,cherry,warm,balsamic,fruity,"0,7",,,,
29200042,185.237H,R01721,60030261,Methyl-trans-cinnamat Halal Kosher,0.0050400000,1754-62-7,Sweet,balsamic,strawberry,cherry,warm,balsamic,fruity,"0,7",,,,
29200034,185.294,R01721,60030261,Methyl-trans-cinnamat Halal Kosher,0.0000590000,1754-62-7,Sweet,balsamic,strawberry,cherry,warm,balsamic,fruity,"0,7",,,,
29200048,185.309P,R01721,60030261,Methyl-trans-cinnamat Halal Kosher,0.0005600000,1754-62-7,Sweet,balsamic,strawberry,cherry,warm,balsamic,fruity,"0,7",,,,
29200240,185.675P,R01721,60030261,Methyl-trans-cinnamat Halal Kosher,0.0027620000,1754-62-7,Sweet,balsamic,strawberry,cherry,warm,balsamic,fruity,"0,7",,,,
29200533,186.190P,R01721,60030261,Methyl-trans-cinnamat Halal Kosher,0.0119140000,1754-62-7,Sweet,balsamic,strawberry,cherry,warm,balsamic,fruity,"0,7",,,,
29200821,186.277P,R01721,60030261,Methyl-trans-cinnamat Halal Kosher,0.0050400000,1754-62-7,Sweet,balsamic,strawberry,cherry,warm,balsamic,fruity,"0,7",,,,
29201778,187.694P,R01721,60030261,Methyl-trans-cinnamat Halal,0.0078690000,1754-62-7,Sweet,balsamic,strawberry,cherry,warm,balsamic,fruity,"0,7",,,,
29201891,187.796P,R01721,60030261,Methyl-trans-cinnamat Halal Kosher,0.0248170000,1754-62-7,Sweet,balsamic,strawberry,cherry,warm,balsamic,fruity,"0,7",,,,
29200533,186.190P,R01796,60030334_+K+,trans-2-Hexen-1-ol Halal Kosher,0.0032740000,2305-21-7,green,fresh,leafy,fruity,green,fresh,fruity,"0,666666667",6.6666667,,,
29201778,187.694P,R01796,60030334_+K+,trans-2-Hexen-1-ol Halal Kosher,0.0003870000,2305-21-7,green,fresh,leafy,fruity,green,fresh,fruity,"0,666666667",6.6666667,,,
RE00429_A02,185.028,R01907,60030380_+K+,"trans-2-Hexen-1-ol, natürlich Halal",0.0000193375,2305-21-7,green,fresh,leafy,fruity,green,fresh,fruity,"0,666666667",6.6666667,,,
29200716,185.382P,R01907,60030380_+K+,"trans-2-Hexen-1-ol, natürlich Halal",0.0009600000,2305-21-7,green,fresh,leafy,fruity,green,fresh,fruity,"0,666666667",6.6666667,,,
29201231,185.507P,R01907,60030380_+K+,"trans-2-Hexen-1-ol, natürlich Halal",0.0000030000,2305-21-7,green,fresh,leafy,fruity,green,fresh,fruity,"0,666666667",6.6666667,,,
RE00429_A02,185.028,R02378,60030643_+K+,"beta-Damascenon, natürlich Kosher Halal",0.0000031000,23696-85-7,fruity,rose,plum,grape,warm,floral,fruity,"0,1",,,,
29201733,187.657P,R02045,60030490,"S-(Methylthio)butyrat, natürlich Halal",0.0000100000,2432-51-1,cheesy,cocoa,fruity,milky,unpleasant,warm,,"0,001",,,,
29200716,185.382P,R01472,60030017,"2-Methylbutylisovalerat, natürlich",0.0001720000,2445-77-4,herbal,fruity,wine,earthy,fresh,fruity,warm,"0,666666667",,,,
29201969,187.894P,R01472,60030017,"2-Methylbutylisovalerat, natürlich",0.0001000000,2445-77-4,herbal,fruity,wine,earthy,fresh,fruity,warm,"0,666666667",,,,
29201778,187.694P,R01868,60030351,2-Methylbutylisovalerat,0.0001550000,2445-77-4,herbal,fruity,wine,earthy,fresh,fruity,warm,"0,666666667",,,,
29200240,185.675P,R01722,60030262,Methyldihydrojasmonat Halal Kosher,0.0000960000,24851-98-7,Floral,fruity,jasmine,,floral,green,fruity,5,,,,
29200533,186.190P,R01722,60030262,Methyldihydrojasmonat Halal Kosher,0.0003620000,24851-98-7,Floral,fruity,jasmine,,floral,green,fruity,5,,,,
29201778,187.694P,R01722,60030262,Methyldihydrojasmonat,0.0004380000,24851-98-7,Floral,fruity,jasmine,,floral,green,fruity,5,,,,
29201231,185.507P,R01954,60030409,"trans-2-Hexenylacetat, natürlich Halal",0.0000040000,2497-18-9,green,privet,fresh,banana,green,fruity,,"0,1",,,,
29202868,188.740P,R02027,60030475_+K+,"trans,trans-2,4-Decadienal Halal",0.0000002000,25152-84-5 ,oily,waffle,melon,citrus,warm,,,0.0003,0.003,0.3,,
29201573,187.507P,R02076,60030511,"Hexylbutyrat, natürlich Halal",0.0022320000,2639-63-6,green,fruity,apple,waxy,green,fruity,,1,,,,
29201778,187.694P,R01672,60030212,Isoamyl-2-methylbutyrat,0.0001670000,27625-35-0,fruity,ripe,banana,apple,fruity,warm,,"0,666666667",,,,
RE00429_A02,185.028,R02237,60030550,"Isoamyl-2-methylbutyrat, natürlich",0.0000437500,27625-35-0,fruity,ripe,banana,apple,fresh,fruity,warm,"0,666666667",,,,
29200716,185.382P,R02237,60030550,"Isoamyl-2-methylbutyrat, natürlich",0.0001440000,27625-35-0,fruity,ripe,banana,apple,fresh,fruity,warm,"0,666666667",,,,
RE00734_A01,185.471,R02237,60030550,"Isoamyl-2-methylbutyrat, natürlich",0.0002080000,27625-35-0,fruity,ripe,banana,apple,fresh,fruity,warm,"0,666666667",,,,
29202513,188.412P,R02237,60030550,"Isoamyl-2-methylbutyrat, natürlich",0.0004700000,27625-35-0,fruity,ripe,banana,apple,fresh,fruity,warm,"0,666666667",,,,
29201891,187.796P,R01784,60030322,Sotolon Halal,0.0000038890,28664-35-9,caramel,maple,burnt sugar,coffee,warm,balsamic,,0.066666667,,,,
RE00429_A02,185.028,R01981,60030434_+K+,"Ethyl-trans,cis-2,4-decadienoat, natürlich Halal",0.0000700000,3025-30-7,green,waxy,pear,apple,fruity,warm,,"0,05",0.5,5,,
29201778,187.694P,R02178,60030571,2-Methyl-2-pentensäure,0.0001720000,3142-72-1,acidic,dry,sweaty,strawberry,unpleasant,warm,fruity,"0,5",,,,
29200240,185.675P,R01459,60030005,cis-3-Hexenylhexanoat Halal Kosher,0.0000760000,31501-11-8,green,fruity,waxy,pear,green,fruity,warm,"0,066666667",,,,
29200533,186.190P,R01459,60030005,cis-3-Hexenylhexanoat Halal Kosher,0.0000050000,31501-11-8,green,fruity,waxy,pear,green,fruity,warm,"0,066666667",,,,
29201891,187.796P,R01459,60030005,cis-3-Hexenylhexanoat Halal Kosher,0.0001000000,31501-11-8,green,fruity,waxy,pear,green,fruity,warm,"0,066666667",,,,
RE00429_A02,185.028,R02094,60030516,"cis-3-Hexenylhexanoat, natürlich Halal",0.0000025025,31501-11-8,green,fruity,waxy,pear,green,fruity,warm,"0,066666667",,,,
RE00171_A01,185.091,R02094,60030516,"cis-3-Hexenylhexanoat, natürlich Halal",0.0000800000,31501-11-8,green,fruity,waxy,pear,green,fruity,warm,"0,066666667",,,,
29201231,185.507P,R02094,60030516,"cis-3-Hexenylhexanoat, natürlich Halal",0.0004540000,31501-11-8,green,fruity,waxy,pear,green,fruity,warm,"0,066666667",,,,
29201573,187.507P,R02094,60030516,"cis-3-Hexenylhexanoat, natürlich Halal",0.0005280000,31501-11-8,green,fruity,waxy,pear,green,fruity,warm,"0,066666667",,,,
RE00429_A02,185.028,R02039,60030484,"Decansäure, natürlich Kosher Halal",0.0000012513,334-48-5,unpleasant,rancid,acidic,fatty,warm,unpleasant,,5,,,,
29200048,185.309P,R01534,60030076_+K+,beta-Damascon Halal Kosher,0.0000600000,35044-68-9,fruity,floral,black currant,plum,woody,floral,,0.0003,,,,
RE00429_A02,185.028,R01849,60030347_+K+,"Furaneol, natürlich Halal Kosher",0.0000003413,3658-77-3,Fruity,caramel,pineapple,strawberry,warm,fruity,,"0,1",1,10,,
RE00171_A01,185.091,R01849,60030347_+K+,"Furaneol, natürlich Halal Kosher",0.0081900000,3658-77-3,Fruity,caramel,pineapple,strawberry,warm,fruity,,"0,1",1,10,,
29200716,185.382P,R01849,60030347_+K+,"Furaneol, natürlich Halal Kosher",0.0001275000,3658-77-3,Fruity,caramel,pineapple,strawberry,warm,fruity,,"0,1",1,10,,
RE00734_A01,185.471,R01849,60030347_+K+,"Furaneol, natürlich Halal Kosher",0.0005101500,3658-77-3,Fruity,caramel,pineapple,strawberry,warm,fruity,,"0,1",1,10,,
29201231,185.507P,R01849,60030347_+K+,"Furaneol, natürlich Halal Kosher",0.0082609500,3658-77-3,Fruity,caramel,pineapple,strawberry,warm,fruity,,"0,1",1,10,,
29201573,187.507P,R01849,60030347_+K+,"Furaneol, natürlich Halal Kosher",0.0123157500,3658-77-3,Fruity,caramel,pineapple,strawberry,warm,fruity,,"0,1",1,10,,
29201895,187.800P,R01849,60030347_+K+,"Furaneol, natürlich Halal Kosher",0.0019080000,3658-77-3,Fruity,caramel,pineapple,strawberry,warm,fruity,,"0,1",1,10,,
29201953,187.886P,R01849,60030347_+K+,"Furaneol, natürlich Halal Kosher",0.0034860000,3658-77-3,Fruity,caramel,pineapple,strawberry,warm,fruity,,"0,1",1,10,,
29201969,187.894P,R01849,60030347_+K+,"Furaneol, natürlich Halal Kosher",0.0133471500,3658-77-3,Fruity,caramel,pineapple,strawberry,warm,fruity,,"0,1",1,10,,
29202004,187.916P,R01849,60030347_+K+,"Furaneol, natürlich Halal Kosher",0.0019080000,3658-77-3,Fruity,caramel,pineapple,strawberry,warm,fruity,,"0,1",1,10,,
29201008,185.090P,R02032,60030479_+K+,Furaneol Halal Kosher,0.0006030000,3658-77-3,Fruity,caramel,pineapple,strawberry,warm,fruity,,"0,1",1,10,,
29200042,185.237H,R02032,60030479_+K+,Furaneol Halal Kosher,0.0113250000,3658-77-3,Fruity,caramel,pineapple,strawberry,warm,fruity,,"0,1",1,10,,
29200034,185.294,R02032,60030479_+K+,Furaneol Halal Kosher,0.0018750000,3658-77-3,Fruity,caramel,pineapple,strawberry,warm,fruity,,"0,1",1,10,,
29200048,185.309P,R02032,60030479_+K+,Furaneol Halal Kosher,0.0000735000,3658-77-3,Fruity,caramel,pineapple,strawberry,warm,fruity,,"0,1",1,10,,
29200240,185.675P,R02032,60030479_+K+,Furaneol Halal Kosher,0.0105000000,3658-77-3,Fruity,caramel,pineapple,strawberry,warm,fruity,,"0,1",1,10,,
29200533,186.190P,R02032,60030479_+K+,Furaneol Halal Kosher,0.0010698000,3658-77-3,Fruity,caramel,pineapple,strawberry,warm,fruity,,"0,1",1,10,,
29200821,186.277P,R02032,60030479_+K+,Furaneol Halal Kosher,0.0113250000,3658-77-3,Fruity,caramel,pineapple,strawberry,warm,fruity,,"0,1",1,10,,
29201778,187.694P,R02032,60030479_+K+,Furaneol Halal,0.0186273000,3658-77-3,Fruity,caramel,pineapple,strawberry,warm,fruity,,"0,1",1,10,,
29201891,187.796P,R02032,60030479_+K+,Furaneol Halal Kosher,0.0164047500,3658-77-3,Fruity,caramel,pineapple,strawberry,warm,fruity,,"0,1",1,10,,
29202868,188.740P,R02032,60030479_+K+,Furaneol Halal Kosher,0.0019800000,3658-77-3,Fruity,caramel,pineapple,strawberry,warm,fruity,,"0,1",1,10,,
29201008,185.090P,R01566,60030108,cis-3-Hexenylacetat Halal Kosher,0.0003750000,3681-71-8,green,fresh,fruity,banana,green,fruity,warm,"0,1",,,,
29200042,185.237H,R01566,60030108,cis-3-Hexenylacetat Halal Kosher,0.0005360000,3681-71-8,green,fresh,fruity,banana,green,fruity,warm,"0,1",,,,
29200048,185.309P,R01566,60030108,cis-3-Hexenylacetat Halal Kosher,0.0002250000,3681-71-8,green,fresh,fruity,banana,green,fruity,warm,"0,1",,,,
29200240,185.675P,R01566,60030108,cis-3-Hexenylacetat Halal Kosher,0.0006120000,3681-71-8,green,fresh,fruity,banana,green,fruity,warm,"0,1",,,,
29200533,186.190P,R01566,60030108,cis-3-Hexenylacetat Halal Kosher,0.0000410000,3681-71-8,green,fresh,fruity,banana,green,fruity,warm,"0,1",,,,
29200821,186.277P,R01566,60030108,cis-3-Hexenylacetat Halal Kosher,0.0005350000,3681-71-8,green,fresh,fruity,banana,green,fruity,warm,"0,1",,,,
29201778,187.694P,R01566,60030108,cis-3-Hexenylacetat Halal Kosher,0.0006870000,3681-71-8,green,fresh,fruity,banana,green,fruity,warm,"0,1",,,,
29201891,187.796P,R01566,60030108,cis-3-Hexenylacetat Halal Kosher,0.0039370000,3681-71-8,green,fresh,fruity,banana,green,fruity,warm,"0,1",,,,
29202868,188.740P,R01566,60030108,cis-3-Hexenylacetat Halal Kosher,0.0008400000,3681-71-8,green,fresh,fruity,banana,green,fruity,warm,"0,1",,,,
RE00429_A02,185.028,R01883,60030364,"cis-3-Hexenylacetat, natürlich Kosher Halal",0.0001750000,3681-71-8,green,fresh,fruity,banana,green,fruity,warm,"0,1",,,,
RE00171_A01,185.091,R01883,60030364,"cis-3-Hexenylacetat, natürlich Kosher Halal",0.0006600000,3681-71-8,green,fresh,fruity,banana,green,fruity,warm,"0,1",,,,
29200047,185.267,R01883,60030364,"cis-3-Hexenylacetat, natürlich Kosher Halal",0.0006490000,3681-71-8,green,fresh,fruity,banana,green,fruity,warm,"0,1",,,,
29200716,185.382P,R01883,60030364,"cis-3-Hexenylacetat, natürlich Kosher Halal",0.0005600000,3681-71-8,green,fresh,fruity,banana,green,fruity,warm,"0,1",,,,
29201231,185.507P,R01883,60030364,"cis-3-Hexenylacetat, natürlich Kosher Halal",0.0000020000,3681-71-8,green,fresh,fruity,banana,green,fruity,warm,"0,1",,,,
29201573,187.507P,R01883,60030364,"cis-3-Hexenylacetat, natürlich Kosher Halal",0.0018420000,3681-71-8,green,fresh,fruity,banana,green,fruity,warm,"0,1",,,,
29201733,187.657P,R01883,60030364,"cis-3-Hexenylacetat, natürlich Kosher Halal",0.0006780000,3681-71-8,green,fresh,fruity,banana,green,fruity,warm,"0,1",,,,
29201874,187.787P,R01883,60030364,"cis-3-Hexenylacetat, natürlich Kosher Halal",0.0020130000,3681-71-8,green,fresh,fruity,banana,green,fruity,warm,"0,1",,,,
29201969,187.894P,R01883,60030364,"cis-3-Hexenylacetat, natürlich Kosher Halal",0.0049250000,3681-71-8,green,fresh,fruity,banana,green,fruity,warm,"0,1",,,,
29202513,188.412P,R01883,60030364,"cis-3-Hexenylacetat, natürlich Kosher Halal",0.0006380000,3681-71-8,green,fresh,fruity,banana,green,fruity,warm,"0,1",,,,
RE00429_A02,185.028,R01978,60030431_+K+,"Mesifuran, natürlich",0.0000097825,4077-47-8,fruity,caramel,sherry,Xeres,warm,woody,unpleasant,1,,,,
29200034,185.294,R01593,60030135_+G+,Diacetyl Halal Kosher,0.0009000000,431-03-8,buttery,creamy,pungent,caramel,dairy,warm,unpleasant,"0,066666667",0.6666667,6.6666667,,
29200240,185.675P,R01593,60030135_+G+,Diacetyl Halal Kosher,0.0002320000,431-03-8,buttery,creamy,pungent,caramel,dairy,warm,unpleasant,"0,066666667",0.6666667,6.6666667,,
RE00734_A01,185.471,R02142,60030544_+G+,"Diacetyl, natürlich Kosher Halal",0.0004120000,431-03-8,buttery,creamy,pungent,caramel,dairy,warm,unpleasant,"0,066666667",0.6666667,6.6666667,,
RE00429_A02,185.028,R01959,60030414,"Isovaleriansäure, natürlich Halal",0.0000140000,503-74-2,cheesy,sweaty,tropical,,fruity,unpleasant,dairy,1,,,,
RE00429_A02,185.028,R01970,60030423_+K+,"Acetoin, natürlich Kosher Halal",0.0000466375,513-86-0,buttery,creamy,dairy,milky,dairy,warm,unpleasant,5,50,500,,
29201969,187.894P,R01970,60030423_+K+,"Acetoin, natürlich Kosher Halal",0.0046070000,513-86-0,buttery,creamy,dairy,milky,dairy,warm,unpleasant,5,50,500,,
29200034,185.294,R06836,60030897_+K+,Acetoin 50% in PG Kosher Halal,0.0053320000,513-86-0,buttery,creamy,dairy,milky,dairy,warm,unpleasant,10,100,1000,,
29201891,187.796P,R06836,60030897_+K+,Acetoin 50% in PG Kosher Halal,0.0022406000,513-86-0,buttery,creamy,dairy,milky,dairy,warm,unpleasant,10,100,1000,,
29201231,185.507P,R06837,60030898_+K+,"Acetoin 50% in PG, natürlich Kosher Halal",0.0095760000,513-86-0,buttery,creamy,dairy,milky,dairy,warm,unpleasant,10,100,1000,,
29201573,187.507P,R06837,60030898_+K+,"Acetoin 50% in PG, natürlich Kosher Halal",0.0166666000,513-86-0,buttery,creamy,dairy,milky,dairy,warm,unpleasant,10,100,1000,,
29201895,187.800P,R06837,60030898_+K+,"Acetoin 50% in PG, natürlich Kosher Halal",0.0001968000,513-86-0,buttery,creamy,dairy,milky,dairy,warm,unpleasant,10,100,1000,,
29202004,187.916P,R06837,60030898_+K+,"Acetoin 50% in PG, natürlich Kosher Halal",0.0001968000,513-86-0,buttery,creamy,dairy,milky,dairy,warm,unpleasant,10,100,1000,,
29201891,187.796P,R01631,60030172,Ethylvalerat,0.0055740000,539-82-2,fruity,apple,pineapple,green,fruity,green,,"0,5",,,,
29200240,185.675P,R01779,60030318,Himbeerketon Halal Kosher,0.0010000000,5471-51-2,fruity,berry,jam,raspberry,floral,woody,fruity,"0,1",,,,
29201778,187.694P,R01779,60030318,Himbeerketon Halal,0.0002220000,5471-51-2,fruity,berry,jam,raspberry,floral,woody,fruity,"0,1",,,,
29201969,187.894P,R01910,60030383,"Himbeerketon, natürlich Kosher Halal",0.0005830000,5471-51-2,fruity,berry,jam,raspberry,floral,woody,fruity,"0,1",,,,
29200716,185.382P,R01711,60030251_+K+,"Massoialacton, natürlich Halal",0.0000080000,54814-64-1,creamy,coconut,peach,sweet,warm,dairy,woody,"0,005",,,,
RE00429_A02,185.028,R01776,61020002,Propylenglycol Kosher Halal,0.2365019338,57-55-6,mild sweet,,,,odorless,,,k.E.,,,,
29201008,185.090P,R01776,61020002,Propylenglycol Kosher Halal,0.0034170000,57-55-6,mild sweet,,,,odorless,,,k.E.,,,,
RE00171_A01,185.091,R01776,61020002,Propylenglycol Kosher Halal,0.0464100000,57-55-6,mild sweet,,,,odorless,,,k.E.,,,,
29200042,185.237H,R01776,61020002,Propylenglycol Kosher Halal,0.7556720000,57-55-6,mild sweet,,,,odorless,,,k.E.,,,,
29200047,185.267,R01776,61020002,Propylenglycol Kosher Halal,0.7120000000,57-55-6,mild sweet,,,,odorless,,,k.E.,,,,
29200034,185.294,R01776,61020002,Propylenglycol Kosher Halal,0.8742060000,57-55-6,mild sweet,,,,odorless,,,k.E.,,,,
29200048,185.309P,R01776,61020002,Propylenglycol Kosher Halal,0.6081665000,57-55-6,mild sweet,,,,odorless,,,k.E.,,,,
29200716,185.382P,R01776,61020002,Propylenglycol Kosher Halal,0.9627912000,57-55-6,mild sweet,,,,odorless,,,k.E.,,,,
RE00734_A01,185.471,R01776,61020002,Propylenglycol Kosher Halal,0.8127279360,57-55-6,mild sweet,,,,odorless,,,k.E.,,,,
29201231,185.507P,R01776,61020002,Propylenglycol Kosher Halal,0.8737472150,57-55-6,mild sweet,,,,odorless,,,k.E.,,,,
29200240,185.675P,R01776,61020002,Propylenglycol Kosher Halal,0.8335000000,57-55-6,mild sweet,,,,odorless,,,k.E.,,,,
29200533,186.190P,R01776,61020002,Propylenglycol Kosher Halal,0.1133232000,57-55-6,mild sweet,,,,odorless,,,k.E.,,,,
29200821,186.277P,R01776,61020002,Propylenglycol Kosher Halal,0.3626750000,57-55-6,mild sweet,,,,odorless,,,k.E.,,,,
29201573,187.507P,R01776,61020002,Propylenglycol Kosher Halal,0.8746220650,57-55-6,mild sweet,,,,odorless,,,k.E.,,,,
29201733,187.657P,R01776,61020002,Propylenglycol Kosher Halal,0.8720890000,57-55-6,mild sweet,,,,odorless,,,k.E.,,,,
29201778,187.694P,R01776,61020002,Propylenglycol Kosher Halal,0.4056834900,57-55-6,mild sweet,,,,odorless,,,k.E.,,,,
29201874,187.787P,R01776,61020002,Propylenglycol Kosher Halal,0.7898837200,57-55-6,mild sweet,,,,odorless,,,k.E.,,,,
29201891,187.796P,R01776,61020002,Propylenglycol Kosher Halal,0.5433446390,57-55-6,mild sweet,,,,odorless,,,k.E.,,,,
29201895,187.800P,R01776,61020002,Propylenglycol Kosher Halal,0.8200249300,57-55-6,mild sweet,,,,odorless,,,k.E.,,,,
29202004,187.916P,R01776,61020002,Propylenglycol Kosher Halal,0.8231399300,57-55-6,mild sweet,,,,odorless,,,k.E.,,,,
29202513,188.412P,R01776,61020002,Propylenglycol Kosher Halal,0.9316530000,57-55-6,mild sweet,,,,odorless,,,k.E.,,,,
29202868,188.740P,R01776,61020002,Propylenglycol Kosher Halal,0.9739398000,57-55-6,mild sweet,,,,odorless,,,k.E.,,,,
29201231,185.507P,R02057,60030495_+K+,"Acetylpropionyl, natürlich Kosher Halal",0.0035440000,600-14-6,buttery,pungent,creamy,,dairy,warm,unpleasant,"0,05",0.5,5,,
29201573,187.507P,R02057,60030495_+K+,"Acetylpropionyl, natürlich Kosher Halal",0.0001920000,600-14-6,buttery,pungent,creamy,,dairy,warm,unpleasant,"0,05",0.5,5,,
29201969,187.894P,R02057,60030495_+K+,"Acetylpropionyl, natürlich Kosher Halal",0.0005450000,600-14-6,buttery,pungent,creamy,,dairy,warm,unpleasant,"0,05",0.5,5,,
29200716,185.382P,R02000,60030450,"Phenethylalkohol, natürlich Kosher Halal",0.0004000000,60-12-8,floral,rose,,,floral,,,5,,,,
RE00429_A02,185.028,R01966,60030419_+K+,"Ethylpyruvat, natürlich",0.0000329875,617-35-6,ethereal,fruity,sharp,rum,fresh,fruity,,10,,,,
29201953,187.886P,R01966,60030419_+K+,"Ethylpyruvat, natürlich",0.0003330000,617-35-6,ethereal,fruity,sharp,rum,fresh,fruity,,10,,,,
29201969,187.894P,R01966,60030419_+K+,"Ethylpyruvat, natürlich",0.0005520000,617-35-6,ethereal,fruity,sharp,rum,fresh,fruity,,10,,,,
29201778,187.694P,R01567,60030109,cis-3-Hexenyllactat Halal,0.0007280000,61931-81-5,Fresh,green,leafy,,green,fruity,warm,1,,,,
RE00429_A02,185.028,R02238,60030567,"cis-3-Hexenyllactat, natürlich Halal",0.0000612500,61931-81-5,green,leafy,melon,waxy,green,fruity,warm,1,,,,
RE00429_A02,185.028,R01881,60030362,"Zimtsäure, natürlich",0.0000072800,621-82-9,balsamic,sweet,storax,,warm,balsamic,fruity,5,,,,
29201231,185.507P,R01967,60030420,"Methylbutyrat, natürlich Halal",0.0000080000,623-42-7,fruity,apple,banana,pineapple,fruity,fresh,green,"0,066666667",,,,
RE00171_A01,185.091,R01870,60030353,"2-Methylbutylacetat, natürlich Kosher Halal",0.0000800000,624-41-9,fruity,over ripe,banana,juicy,fruity,warm,,"0,1",,,,
29200048,185.309P,R01772,60030312,Propylhexanoat Halal Kosher,0.0000900000,626-77-7,fruity,juicy,pineapple,green,fruity,exotic,,"0,1",,,,
29200240,185.675P,R01638,60030179,Fraiston Halal Kosher,0.0000940000,6290-17-1,Fresh,fruity,apple,strawberry,fresh,fruity,green,1,,,,
RE00429_A02,185.028,R02119,61020000,Ethanol (unversteuert) IP Kosher,0.7259969000,64-17-5,alcoholic,ethereal,medical,,fresh,unpleasant,,k.E.,,,,
29201008,185.090P,R02119,61020000,Ethanol (unversteuert) IP Kosher,0.7397350000,64-17-5,alcoholic,ethereal,medical,,fresh,unpleasant,,k.E.,,,,
RE00171_A01,185.091,R02119,61020000,Ethanol (unversteuert) IP Kosher,0.5502800000,64-17-5,alcoholic,ethereal,medical,,fresh,unpleasant,,k.E.,,,,
29200533,186.190P,R02119,61020000,Ethanol (unversteuert) IP Kosher,0.6965940000,64-17-5,alcoholic,ethereal,medical,,fresh,unpleasant,,k.E.,,,,
29201778,187.694P,R02119,61020000,Ethanol (unversteuert) IP Kosher,0.4590380000,64-17-5,alcoholic,ethereal,medical,,fresh,unpleasant,,k.E.,,,,
29201953,187.886P,R02119,61020000,Ethanol (unversteuert) IP Kosher,0.6820540000,64-17-5,alcoholic,ethereal,medical,,fresh,unpleasant,,k.E.,,,,
29201969,187.894P,R02119,61020000,Ethanol (unversteuert) IP Kosher,0.8239998500,64-17-5,alcoholic,ethereal,medical,,fresh,unpleasant,,k.E.,,,,
29200042,185.237H,R01637,60030178_+K+,Ameisensäure Halal Kosher,0.0005000000,64-18-6,acidic,pungent,vinegar,formyl,fresh,unpleasant,,100,,,,
29200821,186.277P,R01637,60030178_+K+,Ameisensäure Halal Kosher,0.0005000000,64-18-6,acidic,pungent,vinegar,formyl,fresh,unpleasant,,100,,,,
29201778,187.694P,R01637,60030178_+K+,Ameisensäure Halal,0.0000008100,64-18-6,acidic,pungent,vinegar,formyl,fresh,unpleasant,,100,,,,
29201008,185.090P,R01500,60030044,Essigsäure Halal Kosher,0.0006750000,64-19-7,acidic,pungent,sour,vinegar,fresh,unpleasant,,100,,,,
29200042,185.237H,R01500,60030044,Essigsäure Halal Kosher,0.0004100000,64-19-7,acidic,pungent,sour,vinegar,fresh,unpleasant,,100,,,,
29200034,185.294,R01500,60030044,Essigsäure Halal Kosher,0.0037330000,64-19-7,acidic,pungent,sour,vinegar,fresh,unpleasant,,100,,,,
29200048,185.309P,R01500,60030044,Essigsäure Halal Kosher,0.0003350000,64-19-7,acidic,pungent,sour,vinegar,fresh,unpleasant,,100,,,,
29200821,186.277P,R01500,60030044,Essigsäure Halal Kosher,0.0004100000,64-19-7,acidic,pungent,sour,vinegar,fresh,unpleasant,,100,,,,
29201778,187.694P,R01500,60030044,Essigsäure Halal Kosher,0.0053570000,64-19-7,acidic,pungent,sour,vinegar,fresh,unpleasant,,100,,,,
29201891,187.796P,R01500,60030044,Essigsäure Halal Kosher,0.0000690000,64-19-7,acidic,pungent,sour,vinegar,fresh,unpleasant,,100,,,,
RE00429_A02,185.028,R01969,60030422,"Essigsäure, natürlich Halal Kosher",0.0050000000,64-19-7,acidic,pungent,sour,vinegar,fresh,unpleasant,,100,,,,
RE00734_A01,185.471,R01969,60030422,"Essigsäure, natürlich Halal Kosher",0.0003515140,64-19-7,acidic,pungent,sour,vinegar,fresh,unpleasant,,100,,,,
29201231,185.507P,R01969,60030422,"Essigsäure, natürlich Halal Kosher",0.0033500000,64-19-7,acidic,pungent,sour,vinegar,fresh,unpleasant,,100,,,,
29201874,187.787P,R01969,60030422,"Essigsäure, natürlich Halal Kosher",0.0022400000,64-19-7,acidic,pungent,sour,vinegar,fresh,unpleasant,,100,,,,
29201953,187.886P,R01969,60030422,"Essigsäure, natürlich Halal Kosher",0.0003800000,64-19-7,acidic,pungent,sour,vinegar,fresh,unpleasant,,100,,,,
29201969,187.894P,R01969,60030422,"Essigsäure, natürlich Halal Kosher",0.0012660000,64-19-7,acidic,pungent,sour,vinegar,fresh,unpleasant,,100,,,,
29200240,185.675P,R01678,60030218,Isoamylisovalerat Kosher Halal,0.0000760000,659-70-1,Fruity,green,pineapple,tropical,fruity,woody,,"0,666666667",,,,
29200533,186.190P,R01678,60030218,Isoamylisovalerat Kosher Halal,0.0000400000,659-70-1,Fruity,green,pineapple,tropical,fruity,woody,,"0,666666667",,,,
29201778,187.694P,R01678,60030218,Isoamylisovalerat Kosher Halal,0.0008340000,659-70-1,Fruity,green,pineapple,tropical,fruity,woody,,"0,666666667",,,,
29201891,187.796P,R01678,60030218,Isoamylisovalerat Kosher Halal,0.0086880000,659-70-1,Fruity,green,pineapple,tropical,fruity,woody,,"0,666666667",,,,
29202868,188.740P,R01678,60030218,Isoamylisovalerat Kosher Halal,0.0004000000,659-70-1,Fruity,green,pineapple,tropical,fruity,woody,,"0,666666667",,,,
RE00171_A01,185.091,R01944,60030402,"Isoamylisovalerat, natürlich Halal",0.0006400000,659-70-1,Fruity,green,pineapple,tropical,fruity,woody,,"0,666666667",,,,
29200716,185.382P,R01944,60030402,"Isoamylisovalerat, natürlich Halal",0.0008400000,659-70-1,Fruity,green,pineapple,tropical,fruity,woody,,"0,666666667",,,,
29201874,187.787P,R01944,60030402,"Isoamylisovalerat, natürlich Halal",0.0008210000,659-70-1,Fruity,green,pineapple,tropical,fruity,woody,,"0,666666667",,,,
29201969,187.894P,R01944,60030402,"Isoamylisovalerat, natürlich Halal",0.0043970000,659-70-1,Fruity,green,pineapple,tropical,fruity,woody,,"0,666666667",,,,
29202513,188.412P,R01944,60030402,"Isoamylisovalerat, natürlich Halal",0.0022500000,659-70-1,Fruity,green,pineapple,tropical,fruity,woody,,"0,666666667",,,,
29201778,187.694P,R01662,60030203_+K+,Hexanal Kosher Halal,0.0000324000,66-25-1,green,fresh,aldehydic,grassy,green,fresh,,"0,5",5,,,
29201891,187.796P,R01662,60030203_+K+,Hexanal Kosher Halal,0.0010190000,66-25-1,green,fresh,aldehydic,grassy,green,fresh,,"0,5",5,,,
29200047,185.267,R01908,60030381_+K+,"Hexanal, natürlich Halal",0.0000680000,66-25-1,green,fresh,aldehydic,grassy,green,fresh,,"0,5",5,,,
29201231,185.507P,R01908,60030381_+K+,"Hexanal, natürlich Halal",0.0001190000,66-25-1,green,fresh,aldehydic,grassy,green,fresh,,"0,5",5,,,
29200240,185.675P,R01798,60030336_+G+,trans-2-Hexenal Kosher Halal,0.0002480000,6728-26-3,Green,fruity,apple,leafy,green,fresh,,"0,1",1,,,
RE00429_A02,185.028,R01904,60030377_+G+,"trans-2-Hexenal, natürlich Halal",0.0000875000,6728-26-3,Green,fruity,apple,leafy,green,fresh,,"0,1",1,,,
29200047,185.267,R01904,60030377_+G+,"trans-2-Hexenal, natürlich Halal",0.0002820000,6728-26-3,Green,fruity,apple,leafy,green,fresh,,"0,1",1,,,
29200716,185.382P,R01904,60030377_+G+,"trans-2-Hexenal, natürlich Halal",0.0002080000,6728-26-3,Green,fruity,apple,leafy,green,fresh,,"0,1",1,,,
29201231,185.507P,R01904,60030377_+G+,"trans-2-Hexenal, natürlich Halal",0.0001620000,6728-26-3,Green,fruity,apple,leafy,green,fresh,,"0,1",1,,,
29201573,187.507P,R01904,60030377_+G+,"trans-2-Hexenal, natürlich Halal",0.0001300000,6728-26-3,Green,fruity,apple,leafy,green,fresh,,"0,1",1,,,
RE00734_A01,185.471,R02162,60030560_+K+,"Aceton, natürlich Kosher",0.0000280000,67-64-1,solvent,ethereal,apple,pear,fresh,fruity,unpleasant,50,,,,
29201573,187.507P,R01992,60020031_+ZK+,"Orangenterpene, natürlich Kosher Halal BG V",0.0001580000,68647-72-3,fresh,juicy,sweet,orange,fresh,woody,,2,,,,
29200240,185.675P,R01644,60030185,gamma-Hexalacton Halal Kosher,0.0000780000,695-06-7,Coumarin,creamy,,,warm,dairy,,5,,,,
29201778,187.694P,R01591,60030133,delta-Octalacton,0.0000500000,698-76-0,Coumarinic,coconut,creamy,,warm,dairy,,1,,,,
29201778,187.694P,R04300,60030796,Lactojasmon,0.0000140000,7011-83-8,floral,waxy,coconut,jasmin,floral,dairy,exotic,"0,5",,,,
29201008,185.090P,R01642,60030183,gamma-Decalacton Kosher Halal,0.0005400000,706-14-9,Coconut,peach,,,warm,balsamic,fruity,"0,1",,,,
29200042,185.237H,R01642,60030183,gamma-Decalacton Kosher Halal,0.0025830000,706-14-9,Coconut,peach,,,warm,balsamic,fruity,"0,1",,,,
29200034,185.294,R01642,60030183,gamma-Decalacton Kosher Halal,0.0009030000,706-14-9,Coconut,peach,,,warm,balsamic,fruity,"0,1",,,,
29200240,185.675P,R01642,60030183,gamma-Decalacton Kosher Halal,0.0020000000,706-14-9,Coconut,peach,,,warm,balsamic,fruity,"0,1",,,,
29200533,186.190P,R01642,60030183,gamma-Decalacton Kosher Halal,0.0185340000,706-14-9,Coconut,peach,,,warm,balsamic,fruity,"0,1",,,,
29200821,186.277P,R01642,60030183,gamma-Decalacton Kosher Halal,0.0025850000,706-14-9,Coconut,peach,,,warm,balsamic,fruity,"0,1",,,,
29201778,187.694P,R01642,60030183,gamma-Decalacton Kosher Halal,0.0052400000,706-14-9,Coconut,peach,,,warm,balsamic,fruity,"0,1",,,,
RE00429_A02,185.028,R01918,60030390,"gamma-Decalacton, natürlich Kosher Halal BG",0.0004375000,706-14-9,Coconut,peach,,,warm,balsamic,fruity,"0,1",,,,
RE00171_A01,185.091,R01918,60030390,"gamma-Decalacton, natürlich Kosher Halal BG",0.0029000000,706-14-9,Coconut,peach,,,warm,balsamic,fruity,"0,1",,,,
29200047,185.267,R01918,60030390,"gamma-Decalacton, natürlich Kosher Halal BG",0.0064100000,706-14-9,Coconut,peach,,,warm,balsamic,fruity,"0,1",,,,
29200716,185.382P,R01918,60030390,"gamma-Decalacton, natürlich Kosher Halal BG",0.0005600000,706-14-9,Coconut,peach,,,warm,balsamic,fruity,"0,1",,,,
RE00734_A01,185.471,R01918,60030390,"gamma-Decalacton, natürlich Kosher Halal BG",0.0089320000,706-14-9,Coconut,peach,,,warm,balsamic,fruity,"0,1",,,,
29201231,185.507P,R01918,60030390,"gamma-Decalacton, natürlich Kosher Halal BG",0.0010030000,706-14-9,Coconut,peach,,,warm,balsamic,fruity,"0,1",,,,
29201573,187.507P,R01918,60030390,"gamma-Decalacton, natürlich Kosher Halal BG",0.0040970000,706-14-9,Coconut,peach,,,warm,balsamic,fruity,"0,1",,,,
29201733,187.657P,R01918,60030390,"gamma-Decalacton, natürlich Kosher Halal BG",0.0024120000,706-14-9,Coconut,peach,,,warm,balsamic,fruity,"0,1",,,,
29201874,187.787P,R01918,60030390,"gamma-Decalacton, natürlich Kosher Halal BG",0.0048010000,706-14-9,Coconut,peach,,,warm,balsamic,fruity,"0,1",,,,
29201895,187.800P,R01918,60030390,"gamma-Decalacton, natürlich Kosher Halal BG",0.0023890000,706-14-9,Coconut,peach,,,warm,balsamic,fruity,"0,1",,,,
29201953,187.886P,R01918,60030390,"gamma-Decalacton, natürlich Kosher Halal BG",0.0038230000,706-14-9,Coconut,peach,,,warm,balsamic,fruity,"0,1",,,,
29201969,187.894P,R01918,60030390,"gamma-Decalacton, natürlich Kosher Halal BG",0.0069460000,706-14-9,Coconut,peach,,,warm,balsamic,fruity,"0,1",,,,
29202004,187.916P,R01918,60030390,"gamma-Decalacton, natürlich Kosher Halal BG",0.0023890000,706-14-9,Coconut,peach,,,warm,balsamic,fruity,"0,1",,,,
29202513,188.412P,R01918,60030390,"gamma-Decalacton, natürlich Kosher Halal BG",0.0037680000,706-14-9,Coconut,peach,,,warm,balsamic,fruity,"0,1",,,,
29201891,187.796P,R01768,60030308,Propanol Halal,0.0068750000,71-23-8,alcoholic,fusel,fermented,musty,fresh,,,100,,,,
29201573,187.507P,R01878,60030359,"Butanol, natürlich Halal",0.0002520000,71-36-3,fermented,fusel,oily,balsamic,unpleasant,fresh,,5,,,,
29200240,185.675P,R01587,60030129_+K+,delta-Dodecalacton Halal Kosher,0.0004940000,713-95-1,Fatty,peach,buttery,creamy,dairy,warm,fruity,"0,1",,,,
29200716,185.382P,R02073,60030509,"delta-Dodecalacton, natürlich Halal",0.0010280000,713-95-1,Fatty,peach,buttery,creamy,dairy,warm,fruity,"0,1",,,,
29201969,187.894P,R02073,60030509,"delta-Dodecalacton, natürlich Halal",0.0000790000,713-95-1,Fatty,peach,buttery,creamy,dairy,warm,fruity,"0,1",,,,
RE00429_A02,185.028,R01982,60030435,"Nerolidol, natürlich (Aromaextrakt) Halal",0.0000350000,7212-44-4,floral,green,citrus,woody,woody,warm,fresh,"0,5",,,,
29201231,185.507P,R01982,60030435,"Nerolidol, natürlich (Aromaextrakt) Halal",0.0000020000,7212-44-4,floral,green,citrus,woody,woody,warm,fresh,"0,5",,,,
29201573,187.507P,R01982,60030435,"Nerolidol, natürlich (Aromaextrakt) Halal",0.0004820000,7212-44-4,floral,green,citrus,woody,woody,warm,fresh,"0,5",,,,
29200042,185.237H,R01606,60030147,Ethyl-2-methylbutyrat Kosher Halal,0.0045360000,7452-79-1,fruity,sharp,green,apple,fruity,fresh,,"0,1",,,,
29200034,185.294,R01606,60030147,Ethyl-2-methylbutyrat Kosher Halal,0.0017950000,7452-79-1,fruity,sharp,green,apple,fruity,fresh,,"0,1",,,,
29200048,185.309P,R01606,60030147,Ethyl-2-methylbutyrat Kosher Halal,0.0012800000,7452-79-1,fruity,sharp,green,apple,fruity,fresh,,"0,1",,,,
29200240,185.675P,R01606,60030147,Ethyl-2-methylbutyrat Kosher Halal,0.0018160000,7452-79-1,fruity,sharp,green,apple,fruity,fresh,,"0,1",,,,
29200533,186.190P,R01606,60030147,Ethyl-2-methylbutyrat Kosher Halal,0.0024770000,7452-79-1,fruity,sharp,green,apple,fruity,fresh,,"0,1",,,,
29200821,186.277P,R01606,60030147,Ethyl-2-methylbutyrat Kosher Halal,0.0045350000,7452-79-1,fruity,sharp,green,apple,fruity,fresh,,"0,1",,,,
29201778,187.694P,R01606,60030147,Ethyl-2-methylbutyrat Kosher Halal,0.0055490000,7452-79-1,fruity,sharp,green,apple,fruity,fresh,,"0,1",,,,
29201891,187.796P,R01606,60030147,Ethyl-2-methylbutyrat Kosher Halal,0.0229030000,7452-79-1,fruity,sharp,green,apple,fruity,fresh,,"0,1",,,,
29202868,188.740P,R01606,60030147,Ethyl-2-methylbutyrat Kosher Halal,0.0010000000,7452-79-1,fruity,sharp,green,apple,fruity,fresh,,"0,1",,,,
RE00429_A02,185.028,R01948,60030405,"Ethyl-2-methylbutyrat, natürlich Kosher Halal BG",0.0002187500,7452-79-1,fruity,sharp,green,apple,fruity,fresh,,"0,1",,,,
RE00171_A01,185.091,R01948,60030405,"Ethyl-2-methylbutyrat, natürlich Kosher Halal BG",0.0022400000,7452-79-1,fruity,sharp,green,apple,fruity,fresh,,"0,1",,,,
29200047,185.267,R01948,60030405,"Ethyl-2-methylbutyrat, natürlich Kosher Halal BG",0.0108260000,7452-79-1,fruity,sharp,green,apple,fruity,fresh,,"0,1",,,,
29200716,185.382P,R01948,60030405,"Ethyl-2-methylbutyrat, natürlich Kosher Halal BG",0.0012300000,7452-79-1,fruity,sharp,green,apple,fruity,fresh,,"0,1",,,,
RE00734_A01,185.471,R01948,60030405,"Ethyl-2-methylbutyrat, natürlich Kosher Halal BG",0.0087760000,7452-79-1,fruity,sharp,green,apple,fruity,fresh,,"0,1",,,,
29201231,185.507P,R01948,60030405,"Ethyl-2-methylbutyrat, natürlich Kosher Halal BG",0.0014480000,7452-79-1,fruity,sharp,green,apple,fruity,fresh,,"0,1",,,,
29201573,187.507P,R01948,60030405,"Ethyl-2-methylbutyrat, natürlich Kosher Halal BG",0.0052770000,7452-79-1,fruity,sharp,green,apple,fruity,fresh,,"0,1",,,,
29201733,187.657P,R01948,60030405,"Ethyl-2-methylbutyrat, natürlich Kosher Halal BG",0.0039850000,7452-79-1,fruity,sharp,green,apple,fruity,fresh,,"0,1",,,,
29201874,187.787P,R01948,60030405,"Ethyl-2-methylbutyrat, natürlich Kosher Halal BG",0.0090770000,7452-79-1,fruity,sharp,green,apple,fruity,fresh,,"0,1",,,,
29201895,187.800P,R01948,60030405,"Ethyl-2-methylbutyrat, natürlich Kosher Halal BG",0.0029180000,7452-79-1,fruity,sharp,green,apple,fruity,fresh,,"0,1",,,,
29201953,187.886P,R01948,60030405,"Ethyl-2-methylbutyrat, natürlich Kosher Halal BG",0.0000340000,7452-79-1,fruity,sharp,green,apple,fruity,fresh,,"0,1",,,,
29201969,187.894P,R01948,60030405,"Ethyl-2-methylbutyrat, natürlich Kosher Halal BG",0.0107300000,7452-79-1,fruity,sharp,green,apple,fruity,fresh,,"0,1",,,,
29202004,187.916P,R01948,60030405,"Ethyl-2-methylbutyrat, natürlich Kosher Halal BG",0.0029180000,7452-79-1,fruity,sharp,green,apple,fruity,fresh,,"0,1",,,,
29202513,188.412P,R01948,60030405,"Ethyl-2-methylbutyrat, natürlich Kosher Halal BG",0.0030480000,7452-79-1,fruity,sharp,green,apple,fruity,fresh,,"0,1",,,,
29200034,185.294,R01499,60030043_+T+,Acetaldehyd Halal Kosher,0.0006250000,75-07-0,ethereal,pungent,aldehydic,fruity,fresh,fruity,green,5,,,,
29201778,187.694P,R01499,60030043_+T+,Acetaldehyd Halal Kosher,0.0000250000,75-07-0,ethereal,pungent,aldehydic,fruity,fresh,fruity,green,5,,,,
RE00429_A02,185.028,R01872,60030355_+T+,"Acetaldehyd, natürlich Kosher Halal ",0.0028262500,75-07-0,ethereal,pungent,aldehydic,fruity,fresh,fruity,green,5,,,,
RE00734_A01,185.471,R01872,60030355_+T+,"Acetaldehyd, natürlich Kosher Halal ",0.0000514000,75-07-0,ethereal,pungent,aldehydic,fruity,fresh,fruity,green,5,,,,
29201231,185.507P,R01872,60030355_+T+,"Acetaldehyd, natürlich Kosher Halal ",0.0003130000,75-07-0,ethereal,pungent,aldehydic,fruity,fresh,fruity,green,5,,,,
29200048,185.309P,R02279,60030637_+K+,Acetaldehyd PG acetal Halal,0.0001700000,75-07-0,ethereal,pungent,aldehydic,fruity,fresh,fruity,green,5,,,,
29200047,185.267,R01601,60030142_+K+,"Dimethylsulfid, natürlich Kosher Halal BG, V",0.0010000000,75-18-3,Rustique,red,fruit,,warm,fruity,unpleasant,"0,005",,,,
29201231,185.507P,R01601,60030142_+K+,"Dimethylsulfid, natürlich Kosher Halal BG, V",0.0000008350,75-18-3,Rustique,red,fruit,,warm,fruity,unpleasant,"0,005",,,,
29201733,187.657P,R01601,60030142_+K+,"Dimethylsulfid, natürlich Kosher Halal BG, V",0.0000500000,75-18-3,Rustique,red,fruit,,warm,fruity,unpleasant,"0,005",,,,
29201891,187.796P,R01601,60030142_+K+,"Dimethylsulfid, natürlich Kosher Halal BG, V",0.0000972220,75-18-3,Rustique,red,fruit,,warm,fruity,unpleasant,"0,005",,,,
29200042,185.237H,R01800,60030337,Triethylcitrat Halal,0.0093870000,77-93-0,wine,fruity,plum,,odorless,,,50,,,,
29200821,186.277P,R01800,60030337,Triethylcitrat Halal,0.0093850000,77-93-0,wine,fruity,plum,,odorless,,,50,,,,
29200716,185.382P,R01946,60030403,"Triethylcitrat, natürlich",0.0202100000,77-93-0,wine,fruity,plum,,odorless,,,50,,,,
29200240,185.675P,R01706,60030246,Linalool Halal Kosher,0.0001840000,78-70-6,citrus,floral,rose,woody,floral,fresh,,"0,666666667",,,,
29200533,186.190P,R01706,60030246,Linalool Halal Kosher,0.0000090000,78-70-6,citrus,floral,rose,woody,floral,fresh,,"0,666666667",,,,
29201891,187.796P,R01706,60030246,Linalool Halal Kosher,0.0004540000,78-70-6,citrus,floral,rose,woody,floral,fresh,,"0,666666667",,,,
RE00429_A02,185.028,R01906,60030379,"Linalool ex HO, natürlich Kosher Halal BG",0.0001225000,78-70-6,citrus,floral,rose,woody,floral,fresh,,"0,666666667",,,,
RE00171_A01,185.091,R01906,60030379,"Linalool ex HO, natürlich Kosher Halal BG",0.0001400000,78-70-6,citrus,floral,rose,woody,floral,fresh,,"0,666666667",,,,
29200047,185.267,R01906,60030379,"Linalool ex HO, natürlich Kosher Halal BG",0.0003700000,78-70-6,citrus,floral,rose,woody,floral,fresh,,"0,666666667",,,,
29201231,185.507P,R01906,60030379,"Linalool ex HO, natürlich Kosher Halal BG",0.0000090000,78-70-6,citrus,floral,rose,woody,floral,fresh,,"0,666666667",,,,
29201573,187.507P,R01906,60030379,"Linalool ex HO, natürlich Kosher Halal BG",0.0004950000,78-70-6,citrus,floral,rose,woody,floral,fresh,,"0,666666667",,,,
29201953,187.886P,R01906,60030379,"Linalool ex HO, natürlich Kosher Halal BG",0.0002030000,78-70-6,citrus,floral,rose,woody,floral,fresh,,"0,666666667",,,,
29201969,187.894P,R01906,60030379,"Linalool ex HO, natürlich Kosher Halal BG",0.0021380000,78-70-6,citrus,floral,rose,woody,floral,fresh,,"0,666666667",,,,
29202513,188.412P,R01906,60030379,"Linalool ex HO, natürlich Kosher Halal BG",0.0000630000,78-70-6,citrus,floral,rose,woody,floral,fresh,,"0,666666667",,,,
RE00734_A01,185.471,R01957,60030412,"Isobutanol, natürlich Kosher Halal",0.0001160000,78-83-1,ethereal,wine,,,unpleasant,fresh,,5,,,,
29201008,185.090P,R01769,60030309,Propionsäure Kosher Halal,0.0008850000,79-09-4,pungent,acidic,cheesy,vinegar,unpleasant,fruity,,6.666666667,,,,
29201874,187.787P,R02154,60030553,"Propionsäure, natürlich Halal",0.0001300000,79-09-4,pungent,acidic,cheesy,vinegar,unpleasant,fruity,,6.666666667,,,,
29201895,187.800P,R02154,60030553,"Propionsäure, natürlich Halal",0.0010180000,79-09-4,pungent,acidic,cheesy,vinegar,unpleasant,fruity,,6.666666667,,,,
29201969,187.894P,R02154,60030553,"Propionsäure, natürlich Halal",0.0011270000,79-09-4,pungent,acidic,cheesy,vinegar,unpleasant,fruity,,6.666666667,,,,
29202004,187.916P,R02154,60030553,"Propionsäure, natürlich Halal",0.0010180000,79-09-4,pungent,acidic,cheesy,vinegar,unpleasant,fruity,,6.666666667,,,,
RE00429_A02,185.028,R01974,60030427,"Isobutterysäure, natürlich Halal Kosher",0.0000437500,79-31-2,acidic,cheesy,dairy,buttery,unpleasant,fruity,,50,,,,
RE00429_A02,185.028,R01356,61010004_AS,Milchsäure 80%ig (als Aromastoff) Halal Kosher,0.0150000000,79-33-4,odorless,,,,fresh,odorless,,0,,,,
RE00734_A01,185.471,R01356,61010004_AS,Milchsäure 80%ig (als Aromastoff) Halal Kosher,0.0277140000,79-33-4,odorless,,,,fresh,odorless,,0,,,,
29201778,187.694P,R01356,61010004_AS,Milchsäure 80%ig (als Aromastoff) Halal Kosher,0.0312500000,79-33-4,odorless,,,,fresh,odorless,,0,,,,
29201891,187.796P,R01356,61010004_AS,Milchsäure 80%ig (als Aromastoff) Halal Kosher,0.0750000000,79-33-4,odorless,,,,fresh,odorless,,0,,,,
29201953,187.886P,R01356,61010004_AS,Milchsäure 80%ig (als Aromastoff) Halal Kosher,0.0567600000,79-33-4,odorless,,,,fresh,odorless,,0,,,,
29201778,187.694P,R01511,60030055,alpha-Iron,0.0000140000,79-69-6,floral,orris,berry,violet,woody,floral,,"0,01",,,,
29201874,187.787P,R04593,60020138_+ÖK+,Neroli-Öl Tunisien,0.0000250000,8016-38-4,citrus,neroli,,,fresh,floral,woody,"0,3",,,,
29201969,187.894P,R04593,60020138_+ÖK+,Neroli-Öl Tunisien,0.0001280000,8016-38-4,citrus,neroli,,,fresh,floral,woody,"0,3",,,,
29201891,187.796P,R00018,60040003_+ÖK+,Jasmin-Absolue (blumig) Halal,0.0000170000,8022-96-6,floral,fruity,tropical,naphthyl,green,floral,fruity,"0,05",,,,
RE00429_A02,185.028,R01888,60030366,"Cycloten, natürlich Halal",0.0000350000,80-71-7,caramel,maple,syrup,,warm,woody,,1,10,100,,
29201231,185.507P,R02069,60030505,"2-Nonanon, natürlich Halal",0.0000080000,821-55-6,fresh,green,weedy,earthy,floral,fruity,warm,"0,066666667",,,,
29200034,185.294,R01600,60030141,Dimethylanthranilat,0.0000190000,85-91-6,Musty,floral,orange blossom,grape,floral,woody,unpleasant,"0,1",1,10,,
29201969,187.894P,R02101,60030520,"Dimethylanthranilat, natürlich Halal",0.0007130000,85-91-6,Musty,floral,orange blossom,grape,floral,woody,unpleasant,"0,1",1,10,,
29200240,185.675P,R01715,60030255,Methyl-2-methylbutyrat Halal Kosher,0.0001940000,868-57-5,Fruity,apple,berry,ripe,fruity,fresh,exotic,"0,1",,,,
29200533,186.190P,R01715,60030255,Methyl-2-methylbutyrat Halal Kosher,0.0001220000,868-57-5,Fruity,apple,berry,ripe,fruity,fresh,exotic,"0,1",,,,
RE00429_A02,185.028,R01973,60030426,"Methyl-2-methylbutyrat, natürlich Halal",0.0001487500,868-57-5,Fruity,apple,berry,ripe,fruity,fresh,exotic,"0,1",,,,
RE00171_A01,185.091,R01973,60030426,"Methyl-2-methylbutyrat, natürlich Halal",0.0019400000,868-57-5,Fruity,apple,berry,ripe,fruity,fresh,exotic,"0,1",,,,
29201231,185.507P,R01973,60030426,"Methyl-2-methylbutyrat, natürlich Halal",0.0000040000,868-57-5,Fruity,apple,berry,ripe,fruity,fresh,exotic,"0,1",,,,
29201008,185.090P,R01563,60030105,cis-3-Hexen-1-ol Halal Kosher,0.0001950000,928-96-1,green,fresh,grassy,foliage,green,fresh,,"0,1",1,,,
29200042,185.237H,R01563,60030105,cis-3-Hexen-1-ol Halal Kosher,0.0083790000,928-96-1,green,fresh,grassy,foliage,green,fresh,,"0,1",1,,,
29200034,185.294,R01563,60030105,cis-3-Hexen-1-ol Halal Kosher,0.0073480000,928-96-1,green,fresh,grassy,foliage,green,fresh,,"0,1",1,,,
29200048,185.309P,R01563,60030105,cis-3-Hexen-1-ol Halal Kosher,0.0008650000,928-96-1,green,fresh,grassy,foliage,green,fresh,,"0,1",1,,,
29200240,185.675P,R01563,60030105,cis-3-Hexen-1-ol Halal Kosher,0.0194060000,928-96-1,green,fresh,grassy,foliage,green,fresh,,"0,1",1,,,
29200533,186.190P,R01563,60030105,cis-3-Hexen-1-ol Halal Kosher,0.0310300000,928-96-1,green,fresh,grassy,foliage,green,fresh,,"0,1",1,,,
29200821,186.277P,R01563,60030105,cis-3-Hexen-1-ol Halal Kosher,0.0083800000,928-96-1,green,fresh,grassy,foliage,green,fresh,,"0,1",1,,,
29201778,187.694P,R01563,60030105,cis-3-Hexen-1-ol Halal Kosher,0.0107900000,928-96-1,green,fresh,grassy,foliage,green,fresh,,"0,1",1,,,
29201891,187.796P,R01563,60030105,cis-3-Hexen-1-ol Halal Kosher,0.0073570000,928-96-1,green,fresh,grassy,foliage,green,fresh,,"0,1",1,,,
RE00429_A02,185.028,R01956,60030411,"cis-3-Hexen-1-ol, natürlich Kosher Halal V",0.0047197500,928-96-1,green,fresh,grassy,foliage,green,fresh,,"0,1",1,,,
RE00171_A01,185.091,R01956,60030411,"cis-3-Hexen-1-ol, natürlich Kosher Halal V",0.0133200000,928-96-1,green,fresh,grassy,foliage,green,fresh,,"0,1",1,,,
29200047,185.267,R01956,60030411,"cis-3-Hexen-1-ol, natürlich Kosher Halal V",0.0063080000,928-96-1,green,fresh,grassy,foliage,green,fresh,,"0,1",1,,,
29200716,185.382P,R01956,60030411,"cis-3-Hexen-1-ol, natürlich Kosher Halal V",0.0025900000,928-96-1,green,fresh,grassy,foliage,green,fresh,,"0,1",1,,,
29201231,185.507P,R01956,60030411,"cis-3-Hexen-1-ol, natürlich Kosher Halal V",0.0063460000,928-96-1,green,fresh,grassy,foliage,green,fresh,,"0,1",1,,,
29201573,187.507P,R01956,60030411,"cis-3-Hexen-1-ol, natürlich Kosher Halal V",0.0159320000,928-96-1,green,fresh,grassy,foliage,green,fresh,,"0,1",1,,,
29201733,187.657P,R01956,60030411,"cis-3-Hexen-1-ol, natürlich Kosher Halal V",0.0348340000,928-96-1,green,fresh,grassy,foliage,green,fresh,,"0,1",1,,,
29201874,187.787P,R01956,60030411,"cis-3-Hexen-1-ol, natürlich Kosher Halal V",0.0148320000,928-96-1,green,fresh,grassy,foliage,green,fresh,,"0,1",1,,,
29201969,187.894P,R01956,60030411,"cis-3-Hexen-1-ol, natürlich Kosher Halal V",0.0173410000,928-96-1,green,fresh,grassy,foliage,green,fresh,,"0,1",1,,,
29202513,188.412P,R01956,60030411,"cis-3-Hexen-1-ol, natürlich Kosher Halal V",0.0268240000,928-96-1,green,fresh,grassy,foliage,green,fresh,,"0,1",1,,,
29200240,185.675P,R01785,60030323,Styralylacetat Halal Kosher,0.0000280000,93-92-5,green,leafy,gardenia,rhubarb,green,warm,woody,"0,5",,,,
29202513,188.412P,R02097,60030517,"Styralylacetat, natürlich Halal",0.0002420000,93-92-5,green,leafy,gardenia,rhubarb,green,warm,woody,"0,5",,,,
29200048,185.309P,R01634,60030175,Eugenol Halal Kosher,0.0000230000,97-53-0,spicy,clove,woody,,woody,warm,,"0,5",,,,
29201231,185.507P,R01921,60030393,"Eugenol, natürlich Kosher Halal",0.0000030000,97-53-0,spicy,clove,woody,,woody,warm,,"0,5",,,,
29201008,185.090P,R01619,60030160,Ethylisobutyrat Halal Kosher,0.0006750000,97-62-1,fruity,ethereal,fusel,rummy,fruity,fresh,,1,,,,
29200048,185.309P,R01619,60030160,Ethylisobutyrat Halal Kosher,0.0001000000,97-62-1,fruity,ethereal,fusel,rummy,fruity,fresh,,1,,,,
RE00429_A02,185.028,R01972,60030425,"Ethylisobutyrat, natürlich Halal",0.0000787500,97-62-1,fruity,ethereal,fusel,rummy,fruity,fresh,,1,,,,
RE00734_A01,185.471,R01972,60030425,"Ethylisobutyrat, natürlich Halal",0.0000230000,97-62-1,fruity,ethereal,fusel,rummy,fruity,fresh,,1,,,,
RE00429_A02,185.028,R01621,60030162,"Ethyllactat, natürlich Kosher Halal",0.0028350000,97-64-3,fruity,tart,buttery,butterscotch,fruity,fresh,,100,,,,
RE00171_A01,185.091,R01621,60030162,"Ethyllactat, natürlich Kosher Halal",0.0001000000,97-64-3,fruity,tart,buttery,butterscotch,fruity,fresh,,100,,,,
29201953,187.886P,R01621,60030162,"Ethyllactat, natürlich Kosher Halal",0.0086650000,97-64-3,fruity,tart,buttery,butterscotch,fruity,fresh,,100,,,,
29200240,185.675P,R01893,60030369,Ethyllactat Halal,0.0013880000,97-64-3,fruity,tart,buttery,butterscotch,fruity,fresh,,100,,,,
29200533,186.190P,R01640,60030181_+TK+G+,Furfural Halal,0.0005200000,98-01-1,woody,almond,bread,baked,warm,woody,,"0,5",,,,
29201778,187.694P,R01640,60030181_+TK+G+,Furfural Halal,0.0002780000,98-01-1,woody,almond,bread,baked,warm,woody,,"0,5",,,,
RE00171_A01,185.091,R01873,60030356,"alpha-Terpineol, natürlich Kosher Halal BG",0.0001200000,98-55-5,floral,pine,terpene,lilac,fresh,floral,,"0,1",,,,
29200240,185.675P,R01873,60030356,"alpha-Terpineol, natürlich Kosher Halal BG",0.0001660000,98-55-5,floral,pine,terpene,lilac,fresh,floral,,"0,1",,,,
29200533,186.190P,R01873,60030356,"alpha-Terpineol, natürlich Kosher Halal BG",0.0000080000,98-55-5,floral,pine,terpene,lilac,fresh,floral,,"0,1",,,,
29201573,187.507P,R01873,60030356,"alpha-Terpineol, natürlich Kosher Halal BG",0.0010480000,98-55-5,floral,pine,terpene,lilac,fresh,floral,,"0,1",,,,
RE00429_A02,185.028,R02160,60030558,"Acetophenon, natürlich Halal",0.0000009100,98-86-2,Pungent,hawthorn,mimosa,almond,floral,fruity,,"0,01",,,,
29200048,185.309P,R01655,60030196,Glycerin (palmölfrei) Halal,0.3800350000,,,,,,odorless,,,k.E.,,,,
29201008,185.090P,R03370,79000000,Wasser,0.2400000000,,,,,,odorless,,,k.E.,,,,
RE00171_A01,185.091,R03370,79000000,Wasser,0.2300000000,,,,,,odorless,,,k.E.,,,,
29200042,185.237H,R03370,79000000,Wasser,0.1500000000,,,,,,odorless,,,k.E.,,,,
29200047,185.267,R03370,79000000,Wasser,0.2000000000,,,,,,odorless,,,k.E.,,,,
29200034,185.294,R03370,79000000,Wasser,0.0079980000,,,,,,odorless,,,k.E.,,,,
29201231,185.507P,R03370,79000000,Wasser,0.0646770000,,,,,,odorless,,,k.E.,,,,
29200240,185.675P,R03370,79000000,Wasser,0.1000000000,,,,,,odorless,,,k.E.,,,,
29201573,187.507P,R03370,79000000,Wasser,0.0249999000,,,,,,odorless,,,k.E.,,,,
29201778,187.694P,R03370,79000000,Wasser,0.0000250000,,,,,,odorless,,,k.E.,,,,
29201874,187.787P,R03370,79000000,Wasser,0.1000000000,,,,,,odorless,,,k.E.,,,,
29201891,187.796P,R03370,79000000,Wasser,0.1402439000,,,,,,odorless,,,k.E.,,,,
29201895,187.800P,R03370,79000000,Wasser,0.1502952000,,,,,,odorless,,,k.E.,,,,
29201969,187.894P,R03370,79000000,Wasser,0.0331200000,,,,,,odorless,,,k.E.,,,,
29202004,187.916P,R03370,79000000,Wasser,0.1502952000,,,,,,odorless,,,k.E.,,,,
